Food-Group-Name, Food-Group-Code,Sex,Age,Number-of-Respondents,Percentage-of-Eaters,All-Person-Consumption-Intake-g-per-person-Mean,All-Person-Consumption-Intake-g-per-person-SE-Mean,All-Person-Consumption-Intake-g-per-person-P50,All-Person-Consumption-Intake-g-per-person-SE-P50,All-Person-Consumption-Intake-g-per-person-P90,All-Person-Consumption-Intake-g-per-person-SE-P90,All-Person-Consumption-Intake-g-per-person-P95,All-Person-Consumption-Intake-g-per-person-SE-P95,All-Person-Consumption-Intake-g-per-kg-body-weight-Mean,All-Person-Consumption-Intake-g-per-kg-body-weight-SE-Mean,All-Person-Consumption-Intake-g-per-kg-body-weight-P50,All-Person-Consumption-Intake-g-per-kg-body-weight-SE-P50,All-Person-Consumption-Intake-g-per-kg-body-weight-P90,All-Person-Consumption-Intake-g-per-kg-body-weight-SE-P90,All-Person-Consumption-Intake-g-per-kg-body-weight-P95,All-Person-Consumption-Intake-g-per-kg-body-weight-SE-P95,Eaters-Only-Consumption-Intake-g-per-person-Mean,Eaters-Only-Consumption-Intake-g-per-person-SE-Mean,Eaters-Only-Consumption-Intake-g-per-person-P50,Eaters-Only-Consumption-Intake-g-per-person-SE-P50,Eaters-Only-Consumption-Intake-g-per-person-P90,Eaters-Only-Consumption-Intake-g-per-person-SE-P90,Eaters-Only-Consumption-Intake-g-per-person-P95,Eaters-Only-Consumption-Intake-g-per-person-SE-P95,Eaters-Only-Consumption-Intake-g-per-kg-body-weight-Mean,Eaters-Only-Consumption-Intake-g-per-kg-body-weight-SE-Mean,Eaters-Only-Consumption-Intake-g-per-kg-body-weight-P50,Eaters-Only-Consumption-Intake-g-per-kg-body-weight-SE-P50,Eaters-Only-Consumption-Intake-g-per-kg-body-weight-P90,Eaters-Only-Consumption-Intake-g-per-kg-body-weight-SE-P90,Eaters-Only-Consumption-Intake-g-per-kg-body-weight-P95,Eaters-Only-Consumption-Intake-g-per-kg-body-weight-SE-P95
FATS - OVERALL ,17 to 21,Both,All ages,19670,88.47286334,17.21731959,0.268199965,12.41824073,0.268199965,38.93652136,0.719981377,51.25538667,1.080182284,0.280887119,0.004280386,0.187245296,0.003838318,0.645906791,0.012383613,0.886895775,0.021798928,19.46056558,0.286679333,14.31315749,0.239056644,40.85249297,0.968973084,53.48233199,1.165709901,0.317454869,0.004639533,0.218261477,0.004382106,0.676362685,0.011299437,0.929428972,0.017113938
FATS - OVERALL ,17 to 21,Both,1-3 Years,1288,88.11831312,9.410003707,0.512411068,6.490111083,0.512411068,22.96700971,2.02398082,27.98265215,1.19845289,0.657612062,0.036530823,0.467582289,0.040758198,1.541435877,0.098502615,2.034969239,0.146128481,10.6788287,0.534988478,7.421861481,0.55161758,24.69054819,2.142670306,28.63964479,1.440345256,0.744273985,0.038831486,0.551758115,0.040867216,1.614560266,0.087761687,2.082906697,0.118603125
FATS - OVERALL ,17 to 21,Both,4-8 Years,1199,90.5552528,13.05121458,0.532391672,9.480248148,0.532391672,28.65067225,1.551376297,35.02580932,1.356604753,0.576299104,0.024654844,0.445880804,0.02621322,1.26243181,0.051480638,1.579534613,0.125376009,14.41243238,0.543175466,10.61916244,0.765570633,29.69945313,1.588623698,35.453679,1.673596425,0.636406046,0.025252186,0.490328213,0.025253628,1.283772588,0.051936888,1.616901515,0.125384145
FATS - OVERALL ,17 to 21,Both,9-13 Years,1962,89.97369271,16.24488972,0.568570144,11.2885073,0.568570144,37.46941999,1.903822207,45.7802481,2.062968461,0.397568059,0.014887262,0.269115561,0.021148055,0.896549167,0.044065005,1.19500661,0.102153279,18.05515505,0.609584133,13.52747931,0.708242964,39.23865923,1.995249104,47.63805639,2.347102335,0.441871448,0.016070619,0.321915153,0.0170418,0.931949375,0.038151198,1.246169104,0.106355789
FATS - OVERALL ,17 to 21,Both,14-18 Years,1890,87.99804359,17.55075815,0.676863332,13.23374048,0.676863332,39.26096595,1.31192935,48.99382142,3.302200401,0.273797633,0.010477787,0.199198421,0.010140187,0.618400644,0.020896261,0.800332264,0.04642703,19.94448675,0.686605001,15.37085564,0.52056563,40.4722319,1.577301609,51.67079198,3.437949563,0.311140591,0.01082448,0.232252199,0.011411329,0.650771085,0.028253911,0.829169996,0.05172683
FATS - OVERALL ,17 to 21,Both,19-30 Years,1849,89.78843492,17.78520033,1.006172668,12.19341935,1.006172668,42.55707407,3.130318408,59.79949572,6.154213978,0.254109345,0.015268135,0.180984571,0.014297333,0.603264318,0.050804392,0.822985903,0.082213802,19.80789658,1.095966141,14.23889753,0.952155759,43.21507427,3.74018495,62.50788506,5.840938529,0.283008992,0.016680686,0.204636885,0.010813244,0.662553532,0.05145553,0.856277232,0.077400417
FATS - OVERALL ,17 to 21,Both,31-50 Years,4389,86.99536682,17.12352119,0.496183529,12.32030666,0.496183529,38.61413594,1.554810572,49.2622509,2.022894455,0.226340944,0.006957419,0.162204461,0.007091211,0.501967625,0.015564169,0.665154655,0.027740304,19.6832565,0.531310186,14.29984685,0.497548544,41.10911637,1.436297978,51.47003335,2.108348579,0.26017586,0.007467007,0.186331864,0.006797239,0.527307293,0.020895778,0.703256123,0.033473075
FATS - OVERALL ,17 to 21,Both,51-70 Years,4465,87.94728337,18.6269781,0.557766116,13.45795815,0.557766116,42.07218784,2.255769094,55.0124512,2.403272464,0.24123934,0.006944489,0.172433654,0.005273022,0.520039893,0.021643942,0.705450339,0.031992115,21.17970832,0.594243037,15.86985867,0.60957045,45.38950687,2.345603664,57.26158794,2.96082086,0.274299934,0.007351185,0.205298466,0.007387804,0.563379313,0.025235781,0.729412997,0.035045615
FATS - OVERALL ,17 to 21,Both,71+ Years,2628,91.17480872,18.23865737,0.528521361,14.13285003,0.528521361,38.94915996,1.142239706,54.01167056,2.400736506,0.253261965,0.007292816,0.195505733,0.007959733,0.535076736,0.018136404,0.707459235,0.037740616,20.00405335,0.528232083,15.40401738,0.518752014,39.43559447,1.835244135,55.62200401,2.088461624,0.27777625,0.007244438,0.21785756,0.008012459,0.550382411,0.021702824,0.737154208,0.040601112
FATS - OVERALL ,17 to 21,Both,1-18 Years,6339,89.26097025,14.58834809,0.309162178,10.12720289,0.309162178,33.12725495,0.946250627,42.62142926,0.89957025,0.45292087,0.010850657,0.306806683,0.010072825,1.027172385,0.036114256,1.39015999,0.041501096,16.34347919,0.320851196,11.99311197,0.418081509,35.02400602,0.854512972,43.2345024,0.843310357,0.507122524,0.011215193,0.360711232,0.011095851,1.095309088,0.042091361,1.436943373,0.062524262
FATS - OVERALL ,17 to 21,Both,19+ Years,13331,88.27929698,17.86301936,0.318753999,13.00885203,0.318753999,39.96362613,1.095882394,53.10303428,1.297834972,0.239136626,0.004398826,0.171714259,0.003629021,0.526254676,0.01143371,0.698596055,0.019347869,20.23466427,0.341096992,14.92723345,0.343610904,42.58595874,0.999523643,55.16111917,1.352611809,0.270886418,0.004720673,0.201772932,0.004747445,0.560728654,0.016260304,0.731724992,0.024353089
FATS - OVERALL ,17 to 21,Male,9-13 Years,1023,90.08544492,16.47249026,0.74738148,12.2383736,0.74738148,37.12686859,2.150454901,46.3591757,3.278481585,0.398839099,0.019538835,0.273994494,0.026347554,0.907761028,0.057526534,1.167202116,0.111449874,18.28540701,0.778792716,13.92151866,0.840688991,38.68251887,2.312493717,47.37486958,3.813441029,0.442734228,0.020273705,0.317766249,0.021282761,0.936696763,0.047249301,1.189817559,0.103416371
FATS - OVERALL ,17 to 21,Male,14-18 Years,900,87.06258966,20.29878877,1.133307809,15.46897198,1.133307809,43.01560929,2.429801888,59.03770426,5.390466042,0.295245362,0.016141934,0.210431226,0.014109064,0.620922998,0.02947016,0.812499067,0.084888751,23.31516768,1.145898251,18.15501567,0.915420233,45.28646155,2.827013048,61.84211907,5.379883587,0.339118516,0.016520676,0.2501433,0.017344674,0.658566424,0.037703978,0.838949351,0.122289774
FATS - OVERALL ,17 to 21,Male,19-30 Years,857,90.31889416,20.3528277,1.577835204,14.22304683,1.577835204,47.16687456,6.312303901,67.77352422,8.187734381,0.266783891,0.020108677,0.20295838,0.014514518,0.669494278,0.052488845,0.823388972,0.076996097,22.53440755,1.731376499,17.24968996,1.913915127,48.33520233,7.645216596,67.8459918,7.365156174,0.295379936,0.022159576,0.211481382,0.016022658,0.681498648,0.054768812,0.844518273,0.074511352
FATS - OVERALL ,17 to 21,Male,31-50 Years,2005,87.86754094,19.05609968,0.665884942,14.19027721,0.665884942,41.75767554,1.570593358,52.88130239,2.462923551,0.226186234,0.008230111,0.166222078,0.009390337,0.499047579,0.020282817,0.646487659,0.026527254,21.68730282,0.70488816,17.04842199,0.824592622,43.86060914,1.485145591,53.98192602,2.099379874,0.25741728,0.008830204,0.195131812,0.009410152,0.521908794,0.02708206,0.663211892,0.026729128
FATS - OVERALL ,17 to 21,Male,51-70 Years,2151,88.71140021,21.88854679,0.961694541,15.86277871,0.961694541,49.55745549,2.211075974,62.61683154,4.302206411,0.254440314,0.010784524,0.177291604,0.011015281,0.562724596,0.028025658,0.709990139,0.056313964,24.67388265,0.995143126,18.27364995,0.69126409,51.43753703,2.216221891,66.20221274,4.320019332,0.286818056,0.011188206,0.206481307,0.008956739,0.584590641,0.029225077,0.744301473,0.077880163
FATS - OVERALL ,17 to 21,Male,71+ Years,1180,92.62926824,21.81380934,0.912320411,15.82759066,0.912320411,49.52628008,3.242366836,60.89774057,3.050402615,0.270768958,0.011522691,0.200789564,0.010020995,0.566916057,0.041348989,0.779252797,0.053970772,23.54958617,0.912029091,17.53896709,1.08819745,50.42221325,3.138908303,61.12639429,3.909316677,0.29231469,0.011514664,0.216457822,0.010911807,0.592955997,0.044547205,0.789883848,0.056732117
FATS - OVERALL ,17 to 21,Male,19+ Years,6193,89.10162276,20.52434433,0.526975854,15.03974919,0.526975854,45.64191666,1.53803942,58.67928601,2.01128101,0.247646452,0.006453994,0.180751521,0.006831741,0.556244782,0.021016289,0.698586776,0.021962772,23.0347593,0.555589584,17.47565059,0.577148073,48.31574293,1.448381386,60.61465023,2.317734412,0.277937084,0.006834389,0.206193803,0.00435327,0.586006735,0.024135686,0.726940134,0.029512743
FATS - OVERALL ,17 to 21,Female,9-13 Years,939,89.8560789,16.00535113,0.835687985,10.99361046,0.835687985,37.79619947,2.966359197,45.30436167,2.547993671,0.39623035,0.022097592,0.261193879,0.027380325,0.891854996,0.08016202,1.375690866,0.184858271,17.8122074,0.874267962,13.13478802,1.158732757,40.54525321,3.085966796,47.65112004,3.023284039,0.440961096,0.023650268,0.329556881,0.028579534,0.92453388,0.094251269,1.40224166,0.160135289
FATS - OVERALL ,17 to 21,Female,14-18 Years,990,88.98713496,14.64515981,0.702389462,10.5601843,0.702389462,34.95270439,1.919391667,42.27590693,2.455794914,0.251120125,0.01341811,0.177073963,0.015454948,0.608153132,0.037146562,0.799068999,0.06504832,16.45761471,0.720609183,13.10308891,1.048403036,36.89096813,2.149128728,42.53215537,2.813289955,0.282198236,0.014113649,0.209681183,0.015489941,0.639581793,0.044168585,0.804103232,0.069195846
FATS - OVERALL ,17 to 21,Female,19-30 Years,992,89.20105423,14.9420512,1.161871253,9.463962836,1.161871253,35.11008218,4.432171784,48.15776171,7.591103749,0.240074743,0.023757705,0.157694685,0.021895043,0.510385176,0.049304635,0.78 E,0.187487389,16.7509805,1.242497465,11.79549141,1.469980169,37.62778928,4.565889168,50.60088694,7.692256435,0.269138908,0.025812584,0.1849382,0.018946262,0.52625057,0.079068696,0.92 E,0.210374135
FATS - OVERALL ,17 to 21,Female,31-50 Years,2384,86.16072862,15.27411543,0.73928873,10.3413842,0.73928873,33.94157623,1.918685241,47.42275891,3.233886557,0.226488996,0.010936571,0.151190998,0.010018162,0.504900692,0.029860316,0.738460859,0.086849717,17.72746781,0.802617599,12.72790781,0.64315742,36.20842816,2.215742448,47.52275292,3.288347139,0.262868014,0.011820434,0.180204866,0.007547651,0.531229221,0.034133182,0.799233744,0.090193616
FATS - OVERALL ,17 to 21,Female,51-70 Years,2314,87.20057221,15.43970414,0.60080338,11.65392827,0.60080338,32.67396864,1.82361463,46.8146648,3.599687993,0.22833907,0.00933363,0.167196165,0.006783044,0.477408061,0.025332109,0.668102194,0.052425953,17.70596654,0.634268799,14.16682793,0.786983893,35.19503993,2.089731652,50.36068428,3.555485141,0.261855013,0.009857605,0.197321128,0.011048874,0.507347035,0.038115926,0.727663044,0.052828917
FATS - OVERALL ,17 to 21,Female,71+ Years,1448,90.02261998,15.40650578,0.580446492,12.38502677,0.580446492,31.9905461,1.246640626,39.50223981,3.29038291,0.239393335,0.009168233,0.187767516,0.011872778,0.495836422,0.024681723,0.661787658,0.045104477,17.11403844,0.583409321,14.18882304,0.598846387,32.79550236,1.529922597,40.80593305,4.124202896,0.265925758,0.009308832,0.218913579,0.012118499,0.526299921,0.02538147,0.672450178,0.048667854
FATS - OVERALL ,17 to 21,Female,19+ Years,7138,87.48539127,15.29367135,0.391837524,10.98254245,0.391837524,33.03407728,1.145008401,46.33002534,2.289751115,0.230920904,0.006361066,0.165524118,0.005725222,0.493739151,0.013966398,0.700147295,0.041268919,17.48140019,0.421829593,13.20984831,0.368854378,35.30032601,1.224916108,48.26899397,2.230487877,0.263953674,0.006908679,0.19021167,0.006164245,0.525870903,0.01830199,0.757588066,0.045612028
BUTTER,17,Both,All ages,19670,27.3222776,3.066960285,0.130481919,F,F,9.459684,0.041871931,16.48831256,1.426590982,0.048956079,0.001789097,F,F,0.154566671,0.005439256,0.269823766,0.013727596,11.22512672,0.393071921,7.94930557,0.549334391,24.39150882,2.061295301,33.74439258,2.314372216,0.17896959,0.005484445,0.116797206,0.003508063,0.393958786,0.011354846,0.528307866,0.022152672
BUTTER,17,Both,1-3 Years,1288,25.81126393,1.322844351,0.14414386,F,F,4.71405453,0.229568801,7.93415494,1.278205768,0.09996987,0.012309439,F,F,0.371025259,0.034281505,0.59 E,0.121813127,5.125066151,0.470546613,4.680221621,0.33528279,10.43726599,1.692547496,13.85865599,1.237822225,0.373758314,0.041677752,0.28231348,0.038055752,0.804202979,0.07823429,0.96 E,0.197941952
BUTTER,17,Both,4-8 Years,1199,25.95403119,2.097557723,0.237335882,F,F,7.55 E,1.52448739,10.83 E,1.973912951,0.094796507,0.010560699,F,F,0.36 E,0.062647195,0.528628659,0.03847526,8.081818611,0.583766667,5.145654754,0.47041631,15.09 E,2.530745917,21.04 E,4.822997949,0.365247721,0.025593263,0.249532685,0.02406231,0.696493445,0.097369222,1.01 E,0.170257291
BUTTER,17,Both,9-13 Years,1962,27.80472429,2.702124041,0.22902112,F,F,9.33502992,0.417025812,13.91849263,1.482159518,0.066336391,0.005751436,F,F,0.21500656,0.021429761,0.371600596,0.030174906,9.71821915,0.581096655,6.497922201,0.742151677,20.16939674,2.383329873,26.70332574,1.657397457,0.238579567,0.015193643,0.152867454,0.009850933,0.469764859,0.056729634,0.685022892,0.06688389
BUTTER,17,Both,14-18 Years,1890,25.59165386,2.607265689,0.249302244,F,F,9.459684,0.617543894,15.46121696,1.827009761,0.040215164,0.003525915,F,F,0.148633093,0.013958805,0.224535256,0.027586411,10.18795308,0.712105049,7.09 E,1.23874348,21.29945923,1.745039145,28.29 E,4.819464618,0.157141714,0.010080701,0.106952232,0.012921707,0.36087388,0.040849924,0.46848074,0.041630027
BUTTER,17,Both,19-30 Years,1849,25.62573073,2.379544205,0.255800406,F,F,9.055082846,1.068011096,13.9 E,2.498868779,0.034107447,0.003789816,F,F,0.120320313,0.016772702,0.19778379,0.0199117,9.285761368,0.80877369,5.98 E,1.077625087,20.26607409,3.246098481,27.95031396,2.380810577,0.133098435,0.011821936,0.08430478,0.012890717,0.284562814,0.037531853,0.392523962,0.062943395
BUTTER,17,Both,31-50 Years,4389,23.90890653,2.886437393,0.303518641,F,F,9.4505068,0.18879115,15.21638985,2.210114373,0.036565723,0.003465881,F,F,0.121933287,0.009386967,0.210246008,0.022875701,12.07264494,1.131903161,8.28691373,0.866366617,28.379052,2.898728004,32.28662079,4.888233766,0.152937665,0.012558621,0.094954286,0.008648015,0.340182203,0.027351464,0.401171558,0.063960737
BUTTER,17,Both,51-70 Years,4465,29.2799812,3.764405692,0.285256489,F,F,10.47535871,1.155284537,18.91879722,1.744751037,0.049680183,0.003939968,F,F,0.155453414,0.009413117,0.245172372,0.024521772,12.85658507,0.748158379,9.459684,0.224846611,28.379052,4.064844897,40.50032519,2.715750547,0.169672866,0.010763049,0.112008125,0.006494237,0.387996606,0.039103339,0.522752901,0.038293326
BUTTER,17,Both,71+ Years,2628,37.27420427,4.311621007,0.247593553,F,F,14.189526,0.66253573,20.54882561,1.56784142,0.060551083,0.003653085,F,F,0.188712222,0.012194373,0.306819485,0.023959087,11.5673053,0.475514994,9.333527946,0.188682069,23.64921,2.318365068,28.379052,2.28685809,0.162447687,0.007137458,0.116635503,0.006265454,0.370997657,0.026367893,0.437221996,0.02264327
BUTTER,17,Both,1-18 Years,6339,26.32024328,2.276201031,0.116968091,F,F,8.744594495,0.763339104,12.86368138,0.9869074,0.072073078,0.004083047,F,F,0.247522561,0.017559726,0.437875713,0.020778522,8.64810027,0.302162002,5.244027349,0.26989658,18.82535515,0.862044919,24.18054842,1.893757452,0.272254101,0.011382352,0.178404088,0.009475029,0.566448319,0.040748386,0.786384024,0.060469895
BUTTER,17,Both,19+ Years,13331,27.56838652,3.261178089,0.15966964,F,F,9.459684,0.243815127,18.919368,1.2267137,0.043345865,0.001971642,F,F,0.141615916,0.004981458,0.229993982,0.013229859,11.82941224,0.48640803,8.9964505,0.50088856,28.379052,2.203386271,35.243658,2.344576618,0.157230329,0.005976514,0.104895428,0.005312002,0.343069184,0.019138269,0.460232208,0.031826021
BUTTER,17,Male,9-13 Years,1023,24.84404234,2.566956529,0.301524765,F,F,9.363953794,0.823568146,14.62396554,2.411353709,0.062768254,0.007533224,F,F,0.221647399,0.032112975,0.370630566,0.036957188,10.33228206,0.811518637,7.890533807,1.137088339,23.81066981,3.313234946,27.08255991,1.798498309,0.252649117,0.021128748,0.168555902,0.019472279,0.56 E,0.09957186,0.685134638,0.054007725
BUTTER,17,Male,14-18 Years,900,24.49777242,2.659195828,0.420032744,F,F,9.31137906,1.318182571,17.04939792,2.359810398,0.037672412,0.005442149,F,F,0.134036068,0.019240252,0.2 E,0.038652953,10.85484746,1.273096215,7.08 E,1.829718345,21.3 E,4.650468696,30.52 E,6.600758868,0.15377893,0.01654438,0.1 E,0.019137946,0.36 E,0.073797708,0.480729764,0.059369519
BUTTER,17,Male,19-30 Years,857,22.90930494,2.401412962,0.382977453,F,F,9.01 E,1.569893121,13.98 E,3.892929639,0.03 E,0.005218719,F,F,0.09 E,0.018806973,0.17 E,0.04317473,10.48226023,1.359876943,6.47 E,1.611102137,23.58 E,4.219976375,34.96 E,5.827543241,0.135333968,0.019054743,0.084252589,0.013602089,0.29 E,0.06032505,0.47 E,0.12171131
BUTTER,17,Male,31-50 Years,2005,23.29207163,3.090080467,0.367249104,F,F,9.459449326,1.245607328,18.92 E,4.040100713,0.036747204,0.004506813,F,F,0.120203151,0.01492022,0.21 E,0.042290127,13.26666222,1.230048232,9.447065178,0.71001165,28.379052,1.227461548,32.42519336,3.977587458,0.157767008,0.015071929,0.105573037,0.011185233,0.345151005,0.031260633,0.399167062,0.038874258
BUTTER,17,Male,51-70 Years,2151,26.88899007,3.950314023,0.407852618,F,F,12.60211706,1.888579245,20.17266239,3.169132095,0.045176376,0.004858938,F,F,0.140254227,0.018287602,0.245921643,0.031750501,14.69119522,1.113358721,9.446371097,0.142468191,33.12309598,4.16037611,40.50032519,1.707649965,0.168010682,0.013878617,0.108134425,0.007091451,0.387534056,0.037101488,0.472514169,0.038084731
BUTTER,17,Male,71+ Years,1180,36.8438571,4.762669064,0.402372767,F,F,14.82479496,1.327879272,23.64921,3.171698317,0.058814682,0.005005609,F,F,0.184379758,0.020363786,0.291315147,0.030627151,12.92662994,0.843075511,9.374530347,0.145778533,28.32378205,2.427184664,34.90585907,4.220233226,0.159632261,0.010520594,0.115707087,0.008559811,0.337828407,0.028910267,0.428924211,0.035642894
BUTTER,17,Male,19+ Years,6193,25.87769696,3.431736039,0.223107234,F,F,10.47468906,0.944867174,18.919368,1.716694346,0.040888964,0.002714257,F,F,0.132529922,0.008692409,0.23364488,0.018221918,13.26136574,0.650805805,9.459684,0.118566576,28.379052,0.74251792,37.86614815,2.210246976,0.158008511,0.008125091,0.105099178,0.006199891,0.350358667,0.022968959,0.431161274,0.027431561
BUTTER,17,Female,9-13 Years,939,30.92069919,2.844381325,0.329135549,F,F,9.293073279,0.731878754,13.04895723,1.910449881,0.070091683,0.008285116,F,F,0.214520427,0.028539376,0.373345132,0.04977201,9.19895539,0.846936012,6.37173132,0.827217423,18.74834715,3.121045943,25.24 E,4.577105328,0.226682078,0.022175619,0.143124329,0.010721039,0.439921251,0.045729303,0.59 E,0.194938503
BUTTER,17,Female,14-18 Years,990,26.74825673,2.552357958,0.25433022,F,F,9.459684,0.902483748,14.17021601,1.815087057,0.042903712,0.004333797,F,F,0.157580149,0.020090572,0.255759815,0.037482986,9.542146931,0.670841705,7.06 E,1.216798767,20.97057687,2.070681474,23.66927401,2.726582888,0.160398162,0.011507053,0.108868572,0.015258865,0.4003613,0.055590298,0.439920892,0.030147271
BUTTER,17,Female,19-30 Years,992,28.63364524,2.355328799,0.309679226,F,F,9.054479661,1.253139576,13.71 E,2.603564501,0.037543832,0.005264141,F,F,0.14339118,0.022175989,0.206918092,0.024017463,8.225738566,0.85535128,5.53 E,1.036829324,18.87305365,3.065618935,24.82400422,3.72257956,0.131117893,0.014281292,0.09 E,0.021132501,0.27 E,0.057104536,0.365487091,0.041958896
BUTTER,17,Female,31-50 Years,2384,24.49919459,2.69 E,0.47219522,F,F,9.197857654,0.910410688,13.01 E,2.53969903,0.036392053,0.005166165,F,F,0.121950293,0.012807825,0.194380505,0.023391524,10.9863144,1.721908825,6.527580989,1.072403018,18.92 E,3.290443774,F,F,0.148543874,0.018132445,0.086878636,0.010844412,0.300242008,0.039041998,F,F
BUTTER,17,Female,51-70 Years,2314,31.61650834,3.582732136,0.390913009,F,F,9.757181688,0.67288422,15.33 E,2.666402585,0.054081399,0.006148543,F,F,0.160456784,0.009798909,0.24 E,0.045072626,11.33183999,0.996093905,8.329824711,1.310010094,25.79 E,5.803010189,38.52696251,5.70828928,0.171054308,0.015941468,0.118136267,0.011920617,0.41 E,0.080648785,0.538239788,0.050596451
BUTTER,17,Female,71+ Years,1448,37.61511522,3.954311309,0.296514026,F,F,13.86022761,1.33632152,18.91416666,1.476982926,0.061926618,0.005007835,F,F,0.188751725,0.018856667,0.31144628,0.039348574,10.51255934,0.548615327,9.20460387,1.181532255,21.41213152,1.973297704,28.379052,1.430237858,0.164632271,0.009764998,0.117350537,0.010731362,0.383683211,0.033651232,0.44242231,0.036740534
BUTTER,17,Female,19+ Years,7138,29.20064485,3.096514722,0.224398873,F,F,9.459684,0.043067619,14.69250301,1.570044427,0.045717854,0.002888498,F,F,0.149928678,0.006616182,0.224028226,0.017322228,10.60426829,0.665409528,7.083839956,0.743302041,20.43472746,2.151384884,33.11560689,3.880889922,0.156564536,0.008248032,0.103667093,0.008080181,0.334686674,0.026953023,0.508530153,0.047021947
MARGARINES- TUB,18,Both,All ages,19670,53.61872357,5.284502473,0.12860294,1.33 E,0.12860294,14.7172773,0.443642215,21.4140739,0.740840448,0.087084979,0.002000713,0.02 E,0.003763915,0.236329869,0.006361297,0.362771465,0.009800788,9.855703607,0.211763914,6.403460936,0.151429559,20.92264325,0.570952942,28.3811226,0.721988126,0.162467382,0.003289148,0.10012027,0.002408335,0.349051561,0.009014088,0.508994779,0.022297155
MARGARINES- TUB,18,Both,1-3 Years,1288,50.79734442,3.475357813,0.308228682,F,F,9.459134423,0.877142433,14.47912556,1.396897271,0.250603365,0.02224058,F,F,0.71415071,0.051921341,1.144442108,0.140964098,6.841613184,0.469371215,4.905765917,0.214169508,14.46583492,1.336351926,19.04 E,5.309288019,0.501039817,0.03259603,0.365187946,0.022012343,1.14439655,0.136836982,1.419186559,0.194502689
MARGARINES- TUB,18,Both,4-8 Years,1199,51.33420113,3.886061851,0.273830292,F,F,11.97955138,1.123915699,16.15608464,1.454779361,0.176236848,0.013836063,F,F,0.514985017,0.03666104,0.683158728,0.104295184,7.570122385,0.431305292,4.832995427,0.477039368,15.98054193,1.445337202,20.81489993,1.450292714,0.343312731,0.022621107,0.229733277,0.013528281,0.678920327,0.099522455,0.993359435,0.145599854
MARGARINES- TUB,18,Both,9-13 Years,1962,51.92527054,4.764440841,0.282974508,F,F,14.41424927,0.937822665,22.31879769,1.191476435,0.116665395,0.006613082,F,F,0.378243759,0.039875333,0.578257693,0.036786717,9.175572493,0.462258035,5.981401848,0.363240959,22.02478554,1.242614898,25.69118114,2.630435054,0.224679416,0.010800067,0.152304297,0.010734524,0.552630874,0.037439171,0.660452981,0.039149059
MARGARINES- TUB,18,Both,14-18 Years,1890,49.28303257,4.961444884,0.451722839,F,F,14.18101832,1.164405126,20.31980396,1.705027523,0.077278717,0.006418456,F,F,0.211245799,0.022622276,0.319312804,0.025840678,10.06724754,0.749396086,7.021421269,0.346476457,20.41750436,1.580294143,28.77521073,2.657434216,0.156805929,0.010346363,0.11434072,0.005642583,0.321545719,0.024962691,0.428458712,0.03032675
MARGARINES- TUB,18,Both,19-30 Years,1849,52.61153807,4.601427756,0.336905106,F,F,13.16039395,0.880225704,17.9790552,1.70453278,0.066526605,0.004780994,F,F,0.195386832,0.012078589,0.269716776,0.034244557,8.746043027,0.541295054,5.951635509,0.501611198,17.85134483,1.539833447,26.28145661,3.876119207,0.126448699,0.007430199,0.089131527,0.006785521,0.255269292,0.034898403,0.375637595,0.02728952
MARGARINES- TUB,18,Both,31-50 Years,4389,51.42307152,5.036492674,0.261124088,F,F,14.16665324,0.70642035,20.6359434,1.563696285,0.067441675,0.003729383,F,F,0.186590704,0.012488378,0.287441309,0.017629183,9.794227621,0.449446019,5.957794863,0.323593908,19.93326947,1.605123438,27.88355876,2.12340414,0.131150616,0.006425646,0.086177423,0.003275304,0.279976606,0.017253926,0.364964414,0.031441798
MARGARINES- TUB,18,Both,51-70 Years,4465,56.550532,6.353390632,0.312585549,2.338616716,0.312585549,18.85859923,0.83820873,26.79251662,1.375505069,0.080672065,0.003613549,0.031081866,0.004694634,0.227883689,0.008800958,0.326460948,0.024070166,11.234891,0.457260156,7.225596135,0.324738659,24.88267465,1.7132445,30.87841524,1.366148835,0.14265483,0.005155075,0.096209574,0.004373839,0.288869679,0.024495526,0.416685817,0.020494053
MARGARINES- TUB,18,Both,71+ Years,2628,59.73938604,5.993166906,0.248180185,2.653791686,0.248180185,16.63044262,1.195751313,23.59701161,1.086704976,0.082968305,0.003445963,0.036366759,0.003183214,0.235919271,0.010823889,0.325909053,0.014308898,10.03218698,0.348725675,6.734885194,0.48724866,21.33020647,1.282218053,28.37973292,1.206311612,0.138883759,0.004780646,0.094825963,0.004716098,0.304599671,0.012675147,0.384637207,0.021707491
MARGARINES- TUB,18,Both,1-18 Years,6339,50.81422221,4.360621992,0.176206424,F,F,12.88264828,0.531579777,18.9207484,0.818161387,0.143047311,0.005853342,F,F,0.432594957,0.021569351,0.62895661,0.022888889,8.581499041,0.276960285,5.827694035,0.205106392,18.81256801,0.768287772,24.00319958,1.450958643,0.282187191,0.009110331,0.179098954,0.006236521,0.627119949,0.021686119,0.835957413,0.068072573
MARGARINES- TUB,18,Both,19+ Years,13331,54.30753511,5.511416085,0.150632391,1.54 E,0.150632391,15.30160406,0.634044071,22.38447547,0.919299697,0.073503603,0.001978611,0.02 E,0.003756839,0.206613407,0.006213838,0.30272915,0.011499065,10.14852925,0.249335139,6.526700281,0.176778479,21.25585792,0.802381688,29.00307991,0.97637946,0.13534697,0.003232179,0.090672703,0.002353116,0.288361334,0.01019479,0.388054885,0.01270007
MARGARINES- TUB,18,Male,9-13 Years,1023,49.59598771,4.563341956,0.357135201,F,F,14.33373281,1.135864809,20.90045381,1.540656143,0.110857308,0.008771513,F,F,0.352785783,0.053666963,0.582330195,0.056492399,9.201030499,0.568363168,6.167787724,0.448904916,20.91262454,1.465931394,25.11089736,3.926586815,0.223520718,0.013810273,0.15245282,0.011928729,0.586480819,0.053378624,0.657284971,0.040268423
MARGARINES- TUB,18,Male,14-18 Years,900,47.69281569,5.951709491,0.815098755,F,F,16.72565223,2.161187499,23.63 E,4.082781134,0.087037885,0.011241771,F,F,0.240674521,0.039755966,0.350863063,0.057697149,12.47925794,1.410422614,9.023883689,0.739336086,24.4255957,3.860825711,32.58175913,5.002015866,0.182496847,0.019209707,0.128018146,0.008607578,0.384203233,0.04436465,0.473218487,0.071388692
MARGARINES- TUB,18,Male,19-30 Years,857,51.45456652,4.933837343,0.523476185,F,F,14.06143419,1.609224061,18.89 E,4.610013982,0.066031327,0.007092135,F,F,0.194625277,0.02257951,0.3 E,0.053627483,9.588725893,0.846845469,6.499937143,0.887292942,18.88 E,4.260839923,31.46440858,4.259163133,0.128329382,0.011293338,0.091827307,0.01002566,0.3 E,0.053346355,0.386537527,0.035521035
MARGARINES- TUB,18,Male,31-50 Years,2005,52.01320703,5.554972328,0.406048766,F,F,15.53263959,1.792563419,25.18126472,2.001206201,0.066584876,0.004913073,F,F,0.195268259,0.015014819,0.289717417,0.027175426,10.67992659,0.661620718,7.0349291,0.5902691,24.20212158,1.989905255,29.07 E,4.935642264,0.128015325,0.008025835,0.085209888,0.006461537,0.28765372,0.025580814,0.396980681,0.055182482
MARGARINES- TUB,18,Male,51-70 Years,2151,58.31404052,8.072817359,0.567444535,3.060605509,0.567444535,21.69833576,1.982270982,30.82180275,1.552183892,0.094003948,0.006145497,0.03784987,0.005284271,0.251065357,0.013590266,0.388036229,0.025501386,13.84369405,0.789704008,9.459898012,0.605654314,28.95267837,1.539011562,35.23623061,3.531038264,0.16120294,0.008450921,0.104524344,0.008541166,0.357811178,0.031434748,0.448893794,0.026677832
MARGARINES- TUB,18,Male,71+ Years,1180,62.92961505,7.3212035,0.458453504,3.097070834,0.458453504,19.45651708,1.511949899,28.3803809,1.953888038,0.090163248,0.00578873,0.040793274,0.005313896,0.242819839,0.015293583,0.360854519,0.024481284,11.63395564,0.616882489,7.444953477,0.7101409,25.59070741,1.713009968,33.29278245,3.566927953,0.143276338,0.007726269,0.089864834,0.006154534,0.315661157,0.027999893,0.434378681,0.055815173
MARGARINES- TUB,18,Male,19+ Years,6193,55.1773513,6.46744035,0.259649535,2.231669662,0.259649535,18.9207484,0.502727139,27.46342749,1.035726941,0.078106633,0.003076765,0.026495491,0.004396966,0.218888486,0.010104825,0.332234764,0.019502124,11.72118668,0.403763471,7.562236714,0.398367248,26.10845472,1.114850643,32.41668405,1.602566871,0.141555605,0.004748197,0.092748596,0.003920558,0.316603222,0.020811356,0.416784285,0.019956104
MARGARINES- TUB,18,Female,9-13 Years,939,54.37672833,4.976087714,0.390295683,F,F,14.46433011,2.120325763,23.30310695,1.389302618,0.122778126,0.009381793,F,F,0.394592389,0.046736437,0.54665017,0.044274781,9.151134809,0.632433312,5.8513959,0.557574076,23.29818128,1.712352663,25.70582746,2.426467868,0.225791675,0.015046649,0.151541258,0.014888914,0.54024056,0.040693153,0.684434442,0.062409093
MARGARINES- TUB,18,Female,14-18 Years,990,50.96442995,3.914400078,0.298012749,F,F,12.50180978,1.153306719,16.80308754,1.386880809,0.066959974,0.004976682,F,F,0.199781062,0.016039244,0.276443416,0.018523901,7.680651155,0.407572838,5.459113358,0.485384185,16.61084403,1.303713736,20.16121223,1.905027836,0.131385701,0.006728981,0.098301681,0.007405863,0.274986123,0.017852303,0.344420629,0.027892374
MARGARINES- TUB,18,Female,19-30 Years,992,53.89265958,4.233348636,0.38977164,F,F,13.04069888,1.818815793,16.18396957,1.844867873,0.067075029,0.006169205,F,F,0.195481936,0.019363258,0.255252192,0.023068307,7.855148862,0.669729486,5.069116498,0.578685785,15.53541842,1.714305745,21.15751231,1.898872965,0.124460418,0.010331858,0.082481873,0.007653434,0.254709284,0.021467652,0.338079836,0.035038862
MARGARINES- TUB,18,Female,31-50 Years,2384,50.85833378,4.540326922,0.365540699,F,F,12.7965115,1.234483481,18.23449387,0.956221306,0.068261599,0.005977524,F,F,0.182174895,0.019102386,0.279206911,0.025062115,8.927400063,0.618459527,5.558315687,0.254019154,18.09963239,0.900262548,22.53001095,3.503159132,0.134219103,0.010288151,0.086777658,0.003650497,0.278825546,0.023883098,0.344490288,0.045493961
MARGARINES- TUB,18,Female,51-70 Years,2314,54.82719415,4.67313044,0.266189903,F,F,14.19022053,0.677153369,18.82898417,0.919270181,0.067643868,0.003854431,F,F,0.194551442,0.013464565,0.261537714,0.018948099,8.523380619,0.411891914,6.169662369,0.449924339,18.54122554,0.947980257,25.43255337,2.323111449,0.12337649,0.005856445,0.09149993,0.005311801,0.253456471,0.016288656,0.345328964,0.029637226
MARGARINES- TUB,18,Female,71+ Years,1448,57.21216141,4.941127446,0.265067994,2.03 E,0.265067994,14.17156881,0.626564305,19.18703163,0.957797721,0.07726864,0.004325369,0.03 E,0.007312415,0.230275665,0.014186604,0.308753146,0.014719317,8.636498473,0.340615792,6.08614108,0.651371997,18.68699133,1.112783693,23.54040814,1.430170111,0.13505632,0.005648488,0.09600976,0.008698044,0.294911343,0.015185501,0.35659276,0.024765522
MARGARINES- TUB,18,Female,19+ Years,7138,53.46778028,4.588432584,0.177684024,F,F,13.49188945,0.514964826,18.27074136,0.455321742,0.069059657,0.002770694,0.02 E,0.005177867,0.199713262,0.00842145,0.279863551,0.011045801,8.581677713,0.294176163,5.724644263,0.192956148,17.9841443,0.478980646,23.17239238,1.15789532,0.129161257,0.004604282,0.087755599,0.002767863,0.269570399,0.010516959,0.345059216,0.011615041
REGULAR TUB MARGARINE,18A,Both,All ages,19670,52.54314179,4.960878423,0.1230747,0.89 E,0.1230747,14.1905613,0.213014853,20.27120716,0.633534101,0.082455574,0.001927127,0.01 E,0.003902608,0.228843729,0.005164534,0.345648838,0.009234626,9.44153367,0.2090339,6.089861615,0.192620986,19.80399709,0.599133854,27.84269495,0.722392765,0.156988249,0.003253859,0.095731783,0.002223227,0.341213392,0.008632376,0.486279029,0.022403817
REGULAR TUB MARGARINE,18A,Both,1-3 Years,1288,50.16508971,3.37786255,0.303285622,F,F,9.427614119,0.751593863,13.75116667,1.653621214,0.243694889,0.021882157,F,F,0.710600367,0.048514273,1.141836173,0.139550219,6.733492494,0.470940038,4.843735804,0.23201809,13.58198489,1.597804504,18.79 E,5.479918525,0.493952136,0.032649917,0.358937122,0.02339465,1.143653038,0.135691998,1.417781601,0.205274743
REGULAR TUB MARGARINE,18A,Both,4-8 Years,1199,51.02535657,3.818990783,0.266835556,F,F,11.22078881,1.037844056,15.90495635,1.164106412,0.173389096,0.013532505,F,F,0.505923383,0.035158496,0.640464181,0.094219811,7.484496022,0.421878211,4.732169407,0.508411166,15.87829235,1.116793952,19.5003253,1.750267003,0.339809671,0.022236018,0.229431151,0.013204572,0.62719944,0.094072203,0.992661251,0.150530107
REGULAR TUB MARGARINE,18A,Both,9-13 Years,1962,51.36011012,4.502875769,0.259308756,F,F,13.58848857,0.96517082,21.69874084,1.385147863,0.110071295,0.006020919,F,F,0.312924797,0.037000959,0.529934307,0.033461966,8.767262684,0.420317319,5.851355952,0.277162702,21.4117154,1.419974674,25.07074617,1.785919643,0.214312811,0.00975223,0.145897544,0.01041688,0.523096599,0.032722171,0.650525938,0.038881624
REGULAR TUB MARGARINE,18A,Both,14-18 Years,1890,48.14594359,4.482643896,0.296395701,F,F,13.81404614,0.947704241,19.16140127,1.451930424,0.07067125,0.004508895,F,F,0.210607358,0.015029589,0.31697459,0.021291846,9.310532854,0.432436786,7.003902577,0.389276367,20.05898012,1.250844468,24.49857077,3.79567638,0.14678547,0.006505945,0.112966257,0.005635767,0.317658913,0.021082241,0.424338008,0.026732683
REGULAR TUB MARGARINE,18A,Both,19-30 Years,1849,51.38244487,4.35390474,0.324925791,F,F,13.04826516,0.919379025,17.78827658,1.550763556,0.06317981,0.004612448,F,F,0.193832627,0.012670026,0.255173572,0.035476099,8.473525833,0.532248403,5.664683815,0.541137481,17.71193404,1.555810952,24.91168794,4.119932669,0.122959914,0.007310041,0.086234255,0.006800102,0.254714062,0.033019134,0.352657287,0.02768753
REGULAR TUB MARGARINE,18A,Both,31-50 Years,4389,50.61545478,4.805016395,0.251471598,F,F,13.75568249,0.77379671,19.05660609,1.230908036,0.064460367,0.003631487,F,F,0.175019396,0.011627024,0.279708109,0.018153344,9.493180325,0.444905556,5.899725191,0.264083914,18.92317458,1.253140744,27.63511696,2.309590418,0.127353132,0.006434818,0.084597293,0.003482368,0.279602639,0.018136411,0.359059284,0.03015144
REGULAR TUB MARGARINE,18A,Both,51-70 Years,4465,55.2017343,5.8552438,0.300693433,1.95 E,0.300693433,16.87470137,1.149525218,24.61224861,1.890410883,0.074495028,0.003515691,0.02 E,0.005255084,0.212938687,0.010393796,0.284148519,0.022359368,10.60699247,0.455796951,6.848681809,0.300199311,22.20362994,1.852798527,30.41517309,1.334799795,0.13495052,0.005216391,0.088657296,0.003997063,0.267833891,0.016003603,0.396815563,0.022334055
REGULAR TUB MARGARINE,18A,Both,71+ Years,2628,57.93948894,5.580486156,0.246106504,2.341468335,0.246106504,15.25689649,1.133228258,21.94287573,1.315949463,0.077459451,0.003433642,0.032176957,0.004003743,0.224188262,0.011245212,0.314093425,0.01453061,9.631576421,0.351149319,6.046502894,0.426031167,20.00286598,1.101395289,27.92563202,1.574740363,0.133690257,0.004857379,0.087317518,0.004936141,0.29546578,0.014155442,0.377809901,0.020911145
REGULAR TUB MARGARINE,18A,Both,1-18 Years,6339,50.145567,4.118473929,0.141965885,F,F,12.41502814,0.517632827,17.98724474,0.839285319,0.137461221,0.00560145,F,F,0.412952271,0.023370558,0.615106974,0.022719077,8.213036914,0.21530783,5.664303798,0.202342511,17.94447484,0.820750184,23.61960517,0.9815412,0.274836458,0.008853869,0.176540398,0.00624763,0.615098001,0.022467918,0.814445024,0.063636761
REGULAR TUB MARGARINE,18A,Both,19+ Years,13331,53.13200838,5.167780777,0.146475807,1.16 E,0.146475807,14.3890947,0.418234418,20.97228412,0.705733382,0.069106375,0.001942614,0.01 E,0.004037214,0.197944405,0.00542241,0.284899316,0.010924904,9.726304226,0.248135455,6.23144495,0.208998263,20.02103547,0.777319393,28.3811226,0.785830354,0.130065429,0.003247972,0.086201083,0.002172817,0.275187309,0.010161866,0.373329243,0.013546245
REGULAR TUB MARGARINE,18A,Male,9-13 Years,1023,48.7989245,4.094899702,0.316468399,F,F,11.90289049,1.42287934,18.89449374,1.950565909,0.098905618,0.007467401,F,F,0.26744898,0.027174869,0.475531704,0.060717972,8.391372851,0.50579196,5.834963437,0.347037951,19.28264201,1.865640409,23.97450477,2.870092546,0.202679914,0.011638598,0.145900803,0.011950277,0.475722066,0.060604484,0.628697096,0.039861318
REGULAR TUB MARGARINE,18A,Male,14-18 Years,900,46.25321966,5.096900366,0.500465786,F,F,16.68992186,1.926128727,21.77474673,3.320858088,0.075425995,0.007252281,F,F,0.219807694,0.032497041,0.335704346,0.050527161,11.019558,0.73773349,8.527722616,0.810969253,22.48287467,3.297292728,31.84373911,2.698708939,0.163071881,0.010784517,0.119457326,0.008590142,0.336940257,0.055457362,0.436939987,0.041227578
REGULAR TUB MARGARINE,18A,Male,19-30 Years,857,50.42501348,4.720175943,0.512951586,F,F,13.16627171,1.777492624,18.86 E,4.542659832,0.063652817,0.007010517,F,F,0.194123812,0.024285337,0.3 E,0.054101904,9.36078271,0.84848864,6.430578934,0.807541677,18.86 E,4.385512556,31.60860422,4.28645021,0.126232623,0.01140939,0.091755491,0.010489357,0.3 E,0.053309612,0.386725255,0.034450547
REGULAR TUB MARGARINE,18A,Male,31-50 Years,2005,51.40144461,5.238279983,0.392650656,F,F,14.18974756,1.250984662,23.0291159,2.324162329,0.062857205,0.004815159,F,F,0.176884597,0.0145264,0.276906725,0.030649066,10.19091978,0.657853542,6.714237373,0.484605042,22.86274697,2.286885809,28.77 E,4.878122006,0.122286846,0.008102196,0.081715675,0.006227177,0.272556639,0.030191089,0.365305591,0.05862482
REGULAR TUB MARGARINE,18A,Male,51-70 Years,2151,56.94431205,7.394391336,0.538825895,2.832341907,0.538825895,20.84025502,1.248920508,28.59335065,1.669663833,0.086650244,0.00593942,0.03 E,0.005866756,0.233775238,0.011816261,0.351671661,0.03675531,12.98530278,0.784446599,8.721618575,0.75150742,27.7049313,1.689610673,33.07582885,1.685688785,0.152166636,0.008573068,0.098176832,0.008493951,0.318185435,0.035775213,0.41879552,0.03076649
REGULAR TUB MARGARINE,18A,Male,71+ Years,1180,60.97860306,6.780701728,0.445160976,2.832341907,0.445160976,18.90874293,0.933907255,28.37939982,2.335347953,0.083693753,0.005664646,0.034368251,0.004262791,0.226058808,0.019928666,0.348589758,0.026478294,11.11980496,0.611945096,6.520146716,0.631157323,24.74409822,2.191794893,32.95070596,3.593590788,0.137251018,0.007733422,0.082185592,0.006112222,0.308868216,0.028294415,0.433178779,0.057583593
REGULAR TUB MARGARINE,18A,Male,19+ Years,6193,54.09500974,6.025368337,0.25178928,1.81 E,0.25178928,17.83969901,0.994746579,25.89895299,1.471677375,0.073125151,0.003026954,0.02 E,0.005335597,0.203630003,0.009574692,0.311017898,0.021859692,11.13849201,0.403518883,7.09528065,0.33759575,24.79884874,1.518315587,31.9291832,1.332022109,0.135179107,0.004821941,0.087493591,0.00378716,0.290466506,0.021665654,0.400915502,0.019739119
REGULAR TUB MARGARINE,18A,Female,9-13 Years,939,54.05563441,4.932250894,0.386762081,F,F,14.43463187,2.102101611,23.30292238,1.412734694,0.121822632,0.009306815,F,F,0.394112064,0.047110818,0.543187175,0.044764839,9.124397388,0.634170455,5.851370064,0.556166439,23.29835808,1.716798164,25.70560898,2.426634601,0.22536528,0.015126288,0.143988642,0.015503406,0.54030348,0.040732772,0.684419145,0.062616116
REGULAR TUB MARGARINE,18A,Female,14-18 Years,990,50.14719331,3.833166936,0.294601256,F,F,12.22053419,1.158795115,16.60691769,1.392466799,0.065643874,0.004930485,F,F,0.197429767,0.014960298,0.27334553,0.018202148,7.643831455,0.414931768,5.462257927,0.495098103,16.59881834,1.337110035,20.16131799,1.955784755,0.13090239,0.006864983,0.0981321,0.007593428,0.272728527,0.017988856,0.342391272,0.028365115
REGULAR TUB MARGARINE,18A,Female,19-30 Years,992,52.44261437,3.948330448,0.369713945,F,F,12.1878903,1.80184127,14.92107161,1.655749851,0.062656047,0.005872065,F,F,0.189102953,0.019888051,0.254648946,0.021341175,7.528858916,0.648871826,5.068569434,0.58049238,14.51181916,1.676864495,20.93656975,1.793132491,0.119475444,0.010042016,0.082471718,0.007827301,0.254016612,0.021316329,0.315099109,0.030170539
REGULAR TUB MARGARINE,18A,Female,31-50 Years,2384,49.86329174,4.390399248,0.362237893,F,F,11.99214132,1.35703766,17.96236766,0.94517943,0.065994533,0.005931711,F,F,0.170804594,0.018656647,0.278674683,0.025252471,8.804872473,0.627299719,5.488527671,0.254474474,17.96667181,0.897818146,22.51972183,3.511840759,0.132350936,0.010455725,0.086179411,0.003920233,0.278735423,0.024034968,0.344172324,0.04636505
REGULAR TUB MARGARINE,18A,Female,51-70 Years,2314,53.49885045,4.351156251,0.259487173,F,F,13.10048619,0.953566876,18.42174977,1.091299533,0.062616693,0.003729565,F,F,0.180007283,0.013535141,0.251686824,0.014839714,8.133177095,0.417095422,5.739471907,0.403926472,17.77801614,1.106573177,23.54977192,2.495876327,0.117043063,0.005878562,0.084199035,0.00425687,0.243978171,0.013798105,0.341007685,0.030043563
REGULAR TUB MARGARINE,18A,Female,71+ Years,1448,55.53197398,4.629703512,0.261878365,1.5 E,0.261878365,14.06665978,0.757928043,18.80316413,1.008521535,0.072520784,0.004286389,0.02 E,0.007061134,0.224116448,0.013411422,0.295479338,0.01687569,8.337005117,0.349918434,5.83734352,0.562185243,18.5974711,1.336799737,23.1512541,1.773838943,0.130592843,0.005839887,0.091499759,0.008638492,0.294808676,0.01788597,0.34527339,0.024223575
REGULAR TUB MARGARINE,18A,Female,19+ Years,7138,52.20228892,4.339831951,0.1748179,F,F,12.97679909,0.635219911,17.97813529,0.505949119,0.065226489,0.002740795,F,F,0.18708169,0.009354979,0.266818624,0.010523128,8.313489772,0.297056386,5.638107021,0.215362631,17.62903655,0.573832397,22.37477125,1.085142779,0.124949482,0.004675033,0.085161069,0.002528467,0.262572076,0.009481316,0.344739386,0.011281378
CALORIE-REDUCED TUB MARGARINE ,18B,Both,All ages,19670,2.475702431,0.32362405,0.041054378,F,F,F,.,F,.,0.004629404,0.000507435,F,F,F,.,F,.,13.07200923,1.198420192,9.668716,0.45023441,29.006148,4.319540433,34.87 E,7.738030041,0.186588218,0.014566289,0.135854807,0.013692369,0.390388044,0.022737335,0.480133423,0.050324177
CALORIE-REDUCED TUB MARGARINE ,18B,Both,1-3 Years,1288,F,F,F,F,F,F,.,F,.,0.01 E,0.002225373,F,F,F,.,F,.,F,F,F,.,F,.,F,.,F,F,F,.,F,.,F,.
CALORIE-REDUCED TUB MARGARINE ,18B,Both,4-8 Years,1199,F,F,F,F,F,F,.,F,.,F,F,F,F,F,.,F,.,F,F,F,.,F,.,F,.,F,F,F,.,F,.,F,.
CALORIE-REDUCED TUB MARGARINE ,18B,Both,9-13 Years,1962,2.529665962,0.26 E,0.081704817,F,F,F,.,F,.,0.01 E,0.0019449,F,F,F,.,F,.,10.34 E,2.491427059,7.25 E,2.015106821,F,F,32.83 E,10.3826689,0.26 E,0.044114265,0.18 E,0.035324399,0.47 E,0.138515817,0.7 E,0.184745845
CALORIE-REDUCED TUB MARGARINE ,18B,Both,14-18 Years,1890,1.719655454,F,F,F,F,F,.,F,.,F,F,F,F,F,.,F,.,F,F,F,F,F,F,F,F,F,F,0.17 E,0.054945004,F,F,F,F
CALORIE-REDUCED TUB MARGARINE ,18B,Both,19-30 Years,1849,1.868438463,F,F,F,F,F,.,F,.,F,F,F,F,F,.,F,.,13.25 E,2.892958409,8.69 E,2.218849714,F,F,F,F,0.18 E,0.050270978,0.15 E,0.037630899,F,F,F,F
CALORIE-REDUCED TUB MARGARINE ,18B,Both,31-50 Years,4389,1.866565365,0.23 E,0.056945169,F,F,F,.,F,.,0 E,0.000652329,F,F,F,.,F,.,12.401188,1.536369664,F,F,19.29 E,5.164489792,29.006148,4.263480752,0.15972159,0.017701988,0.13 E,0.025842749,0.32 E,0.082004139,0.421028269,0.060110829
CALORIE-REDUCED TUB MARGARINE ,18B,Both,51-70 Years,4465,3.520533646,0.5 E,0.099530371,F,F,F,.,F,.,0.01 E,0.001034828,F,F,F,.,F,.,14.14975346,2.002395378,9.67 E,1.8549811,28.27 E,9.078663954,45.43 E,8.923222483,0.17545743,0.018771774,0.11 E,0.024733957,0.389859867,0.030835188,0.47065419,0.046989641
CALORIE-REDUCED TUB MARGARINE ,18B,Both,71+ Years,2628,3.917092148,0.412680751,0.065005317,F,F,F,.,F,.,0.005508854,0.000840665,F,F,F,.,F,.,10.53538531,1.142220234,F,F,19.66085994,2.470574271,28.26530924,4.415207282,0.140636306,0.014252647,0.103192795,0.015082935,0.257600942,0.031811982,0.33 E,0.080680102
CALORIE-REDUCED TUB MARGARINE ,18B,Both,1-18 Years,6339,1.737318185,F,F,F,F,F,.,F,.,0.01 E,0.001504067,F,F,F,.,F,.,F,F,F,F,F,F,F,F,0.32 E,0.06286578,0.190429668,0.019324118,F,F,F,F
CALORIE-REDUCED TUB MARGARINE ,18B,Both,19+ Years,13331,2.657056447,0.343635308,0.041941004,F,F,F,.,F,.,0.004397229,0.000482713,F,F,F,.,F,.,12.93293217,1.059396513,9.668716,0.739618599,29.006148,4.508655067,33.44 E,7.90342689,0.165492483,0.011771284,0.112106152,0.018029342,0.385595472,0.034424063,0.423820898,0.041436768
CALORIE-REDUCED TUB MARGARINE ,18B,Male,9-13 Years,1023,F,F,F,F,F,F,.,F,.,0.01 E,0.003779399,F,F,F,.,F,.,F,F,F,.,F,.,F,.,F,F,F,.,F,.,F,.
CALORIE-REDUCED TUB MARGARINE ,18B,Male,14-18 Years,900,F,F,F,F,F,F,.,F,.,F,F,F,F,F,.,F,.,F,F,F,.,F,.,F,.,F,F,F,.,F,.,F,.
CALORIE-REDUCED TUB MARGARINE ,18B,Male,19-30 Years,857,F,F,F,F,F,F,.,F,.,F,F,F,F,F,.,F,.,F,F,F,.,F,.,F,.,F,F,F,.,F,.,F,.
CALORIE-REDUCED TUB MARGARINE ,18B,Male,31-50 Years,2005,1.786293074,F,F,F,F,F,.,F,.,F,F,F,F,F,.,F,.,17.72902498,1.623577178,18.2842109,2.853816082,29.01 E,5.59852897,29.006148,4.626323787,0.208681931,0.024788852,0.186526277,0.024983437,0.42 E,0.104922213,0.422737031,0.069267826
CALORIE-REDUCED TUB MARGARINE ,18B,Male,51-70 Years,2151,3.38420236,0.68 E,0.192353158,F,F,F,.,F,.,0.01 E,0.001810655,F,F,F,.,F,.,20.04685155,3.097547346,14.5 E,3.671422037,44.68 E,8.532387763,46.80919418,6.605647878,0.217295039,0.025764946,0.16 E,0.045681854,0.391094085,0.022336098,0.410467827,0.048939279
CALORIE-REDUCED TUB MARGARINE ,18B,Male,71+ Years,1180,4.630003369,0.54 E,0.124181753,F,F,F,.,F,.,0.01 E,0.001418678,F,F,F,.,F,.,11.67 E,1.954952341,F,F,19.72 E,4.007163031,28.39 E,4.828020444,0.14 E,0.023341051,F,F,0.24 E,0.050339706,0.34 E,0.072839105
CALORIE-REDUCED TUB MARGARINE ,18B,Male,19+ Years,6193,2.576244534,0.44 E,0.077688603,F,F,F,.,F,.,0.004981482,0.000784207,F,F,F,.,F,.,17.15955172,1.645023414,14.5 E,2.590893514,29.01 E,7.886153266,44.16 E,7.75508277,0.19336216,0.015124297,0.160129412,0.017775247,0.390185226,0.02598704,0.419594521,0.034398703
CALORIE-REDUCED TUB MARGARINE ,18B,Female,9-13 Years,939,F,F,F,F,F,F,.,F,.,F,F,F,F,F,.,F,.,F,F,F,.,F,.,F,.,F,F,F,.,F,.,F,.
CALORIE-REDUCED TUB MARGARINE ,18B,Female,14-18 Years,990,F,0.08 E,0.024004026,F,F,F,.,F,.,0 E,0.000381263,F,F,F,.,F,.,F,F,F,.,F,.,F,.,F,F,F,.,F,.,F,.
CALORIE-REDUCED TUB MARGARINE ,18B,Female,19-30 Years,992,2.243348162,F,F,F,F,F,.,F,.,F,F,F,F,F,.,F,.,F,F,F,F,F,F,F,F,F,F,F,F,F,F,F,F
CALORIE-REDUCED TUB MARGARINE ,18B,Female,31-50 Years,2384,1.943382962,0.15 E,0.031429809,F,F,F,.,F,.,0 E,0.000491046,F,F,F,.,F,.,7.714777607,1.230384196,F,F,14.5 E,2.662700474,18.88 E,3.391377828,0.116655661,0.018312068,0.08859731,0.012740234,F,F,0.33 E,0.082514995
CALORIE-REDUCED TUB MARGARINE ,18B,Female,51-70 Years,2314,3.653759464,0.32 E,0.055702565,F,F,F,.,F,.,0.01 E,0.000992555,F,F,F,.,F,.,8.812134249,1.189662525,F,F,18.16021916,2.04190273,20.70437465,3.266955082,0.137589105,0.02254356,0.093983877,0.011535832,F,F,0.47 E,0.083611607
CALORIE-REDUCED TUB MARGARINE ,18B,Female,71+ Years,1448,3.352340588,0.31 E,0.060331565,F,F,F,.,F,.,0 E,0.0009659,F,F,F,.,F,.,9.289746255,1.263281053,F,F,17.96 E,4.192344389,23.57 E,6.011154505,0.141628103,0.017009396,0.102018172,0.011334191,0.28 E,0.065364144,F,F
CALORIE-REDUCED TUB MARGARINE ,18B,Female,19+ Years,7138,2.735075453,0.248600634,0.031244095,F,F,F,.,F,.,0.003833167,0.000525674,F,F,F,.,F,.,9.089351943,0.891417738,4.83 E,0.966168163,18.63263702,1.88841736,23.76 E,5.15473061,0.140148509,0.01528765,0.094476818,0.005530547,0.3 E,0.06803034,0.469416445,0.076065586
MARGARINES- BLOCK,20,Both,All ages,19670,0.401599985,0.03 E,0.008005204,F,F,F,.,F,.,0 E,0.000134996,F,F,F,.,F,.,8.14 E,1.480976826,F,F,F,F,31.74 E,9.189748138,0.15 E,0.027536877,0.08 E,0.014295596,0.53 E,0.166871752,0.589767738,0.094358824
MARGARINES- BLOCK,20,Both,1-3 Years,1288,F,F,F,F,F,F,.,F,.,F,F,F,F,F,.,F,.,F,F,F,.,F,.,F,.,F,F,F,.,F,.,F,.
MARGARINES- BLOCK,20,Both,4-8 Years,1199,F,F,F,F,F,F,.,F,.,F,F,F,F,F,.,F,.,F,F,F,.,F,.,F,.,F,F,F,.,F,.,F,.
MARGARINES- BLOCK,20,Both,9-13 Years,1962,F,F,F,F,F,F,.,F,.,F,F,F,F,F,.,F,.,F,F,F,.,F,.,F,.,F,F,F,.,F,.,F,.
MARGARINES- BLOCK,20,Both,14-18 Years,1890,F,F,F,F,F,F,.,F,.,F,F,F,F,F,.,F,.,F,F,F,.,F,.,F,.,F,F,F,.,F,.,F,.
MARGARINES- BLOCK,20,Both,19-30 Years,1849,F,F,F,F,F,F,.,F,.,F,F,F,F,F,.,F,.,F,F,F,.,F,.,F,.,F,F,F,.,F,.,F,.
MARGARINES- BLOCK,20,Both,31-50 Years,4389,F,F,F,F,F,F,.,F,.,F,F,F,F,F,.,F,.,F,F,F,.,F,.,F,.,F,F,F,.,F,.,F,.
MARGARINES- BLOCK,20,Both,51-70 Years,4465,F,F,F,F,F,F,.,F,.,F,F,F,F,F,.,F,.,F,F,F,.,F,.,F,.,F,F,F,.,F,.,F,.
MARGARINES- BLOCK,20,Both,71+ Years,2628,F,F,F,F,F,F,.,F,.,F,F,F,F,F,.,F,.,F,F,F,.,F,.,F,.,F,F,F,.,F,.,F,.
MARGARINES- BLOCK,20,Both,1-18 Years,6339,F,F,F,F,F,F,.,F,.,F,F,F,F,F,.,F,.,F,F,F,.,F,.,F,.,F,F,F,.,F,.,F,.
MARGARINES- BLOCK,20,Both,19+ Years,13331,0.404107742,0.03 E,0.009719806,F,F,F,.,F,.,0 E,0.000148533,F,F,F,.,F,.,8.27 E,1.818569712,4.73 E,1.4844065,F,F,34.94 E,10.43795671,0.12 E,0.030049577,0.07 E,0.013777939,F,F,0.58 E,0.185866346
MARGARINES- BLOCK,20,Male,9-13 Years,1023,F,F,F,F,F,F,.,F,.,F,F,F,F,F,.,F,.,F,F,F,.,F,.,F,.,F,F,F,.,F,.,F,.
MARGARINES- BLOCK,20,Male,14-18 Years,900,F,F,F,F,F,F,.,F,.,F,F,F,F,F,.,F,.,F,F,F,.,F,.,F,.,F,F,F,.,F,.,F,.
MARGARINES- BLOCK,20,Male,19-30 Years,857,F,F,F,F,F,F,.,F,.,F,F,F,F,F,.,F,.,F,F,F,.,F,.,F,.,F,F,F,.,F,.,F,.
MARGARINES- BLOCK,20,Male,31-50 Years,2005,F,F,F,F,F,F,.,F,.,F,F,F,F,F,.,F,.,F,F,F,.,F,.,F,.,F,F,F,.,F,.,F,.
MARGARINES- BLOCK,20,Male,51-70 Years,2151,F,F,F,F,F,F,.,F,.,F,F,F,F,F,.,F,.,F,F,F,.,F,.,F,.,F,F,F,.,F,.,F,.
MARGARINES- BLOCK,20,Male,71+ Years,1180,F,F,F,F,F,F,.,F,.,F,F,F,F,F,.,F,.,F,F,F,.,F,.,F,.,F,F,F,.,F,.,F,.
MARGARINES- BLOCK,20,Male,19+ Years,6193,F,F,F,F,F,F,.,F,.,F,F,F,F,F,.,F,.,F,F,F,.,F,.,F,.,F,F,F,.,F,.,F,.
MARGARINES- BLOCK,20,Female,9-13 Years,939,F,F,F,F,F,F,.,F,.,F,F,F,F,F,.,F,.,F,F,F,.,F,.,F,.,F,F,F,.,F,.,F,.
MARGARINES- BLOCK,20,Female,14-18 Years,990,F,F,F,F,F,F,.,F,.,F,F,F,F,F,.,F,.,F,F,F,.,F,.,F,.,F,F,F,.,F,.,F,.
MARGARINES- BLOCK,20,Female,19-30 Years,992,F,F,F,F,F,F,.,F,.,F,F,F,F,F,.,F,.,F,F,F,.,F,.,F,.,F,F,F,.,F,.,F,.
MARGARINES- BLOCK,20,Female,31-50 Years,2384,F,F,F,F,F,F,.,F,.,F,F,F,F,F,.,F,.,F,F,F,.,F,.,F,.,F,F,F,.,F,.,F,.
MARGARINES- BLOCK,20,Female,51-70 Years,2314,F,F,F,F,F,F,.,F,.,F,F,F,F,F,.,F,.,F,F,F,.,F,.,F,.,F,F,F,.,F,.,F,.
MARGARINES- BLOCK,20,Female,71+ Years,1448,F,F,F,F,F,F,.,F,.,F,F,F,F,F,.,F,.,F,F,F,.,F,.,F,.,F,F,F,.,F,.,F,.
MARGARINES- BLOCK,20,Female,19+ Years,7138,0.460898295,0.03 E,0.009149903,F,F,F,.,F,.,0 E,0.000167186,F,F,F,.,F,.,6.77 E,1.751885179,4.71 E,1.230485996,F,F,F,F,0.11 E,0.033023585,0.06 E,0.018674713,F,F,F,F
OTHER FATS & SPREADS,21,Both,All ages,19670,67.99621706,8.833185401,0.186549884,4.610970292,0.186549884,24.11885662,0.620450353,32.51639902,0.761302234,0.144251748,0.003038302,0.069138836,0.002488514,0.377944181,0.009483327,0.548242721,0.01738237,12.99070122,0.241607185,9.015332442,0.148114761,28.92729385,0.802993786,37.50183885,1.119800378,0.212155737,0.004006088,0.13822321,0.003080865,0.470573984,0.012254714,0.641342542,0.015199542
OTHER FATS & SPREADS,21,Both,1-3 Years,1288,63.63510224,4.578620215,0.382818057,1.64 E,0.382818057,13.67060844,1.599505428,18.56393432,1.618644855,0.304563484,0.025474237,0.12 E,0.023106436,0.814210222,0.084703112,1.154776447,0.100358439,7.195117244,0.515472813,4.63401525,0.354734027,17.05813002,1.333502178,21.45019547,1.679133237,0.481867694,0.035152575,0.31395505,0.032240139,1.016336276,0.081641224,1.419383928,0.119873394
OTHER FATS & SPREADS,21,Both,4-8 Years,1199,72.28008423,7.053139411,0.374316215,4.473552042,0.374316215,18.12614812,0.96970236,23.41972931,1.805381226,0.304468203,0.015395524,0.189411736,0.019180047,0.764259368,0.0425036,1.014508234,0.053550832,9.758067504,0.429108512,6.975469977,0.383223565,20.33663265,1.32086615,27.50599852,2.506732014,0.42123388,0.017476771,0.318305413,0.017970074,0.900393263,0.064759476,1.096749328,0.05962618
OTHER FATS & SPREADS,21,Both,9-13 Years,1962,72.5148316,8.723006067,0.412424094,4.507115574,0.412424094,23.79648989,1.149465816,32.53139233,2.013787992,0.213450925,0.011228309,0.108123182,0.009072059,0.573229695,0.031384966,0.758453068,0.036475145,12.02927163,0.515960155,8.594057662,0.681436332,27.89649003,1.902371792,35.64592153,1.594861194,0.294354851,0.01425211,0.186762128,0.012370034,0.675168161,0.042204319,0.847356959,0.059168886
OTHER FATS & SPREADS,21,Both,14-18 Years,1890,69.69931408,9.963507042,0.477354758,5.317854569,0.477354758,27.3101155,1.403178182,37.35263512,2.918345208,0.156006429,0.007896248,0.082123011,0.00695359,0.417924963,0.027403101,0.59536776,0.048034424,14.29498579,0.599375567,10.23847942,0.479141959,32.32300666,1.902625252,42.53923939,3.224727132,0.223827782,0.010166528,0.153433362,0.009017751,0.515226499,0.033267808,0.684368833,0.070494542
OTHER FATS & SPREADS,21,Both,19-30 Years,1849,71.77557144,10.79762634,0.869059083,5.567781311,0.869059083,29.38195565,2.660929892,38.61008542,4.596994751,0.153378787,0.01266774,0.075012391,0.007670851,0.400378878,0.041602025,0.582446025,0.054184508,15.04359508,1.119697695,9.944121614,1.027848445,33.42461802,2.89248462,45.6211362,7.178183234,0.213692185,0.016453107,0.136881816,0.016064174,0.508439921,0.05130712,0.630256477,0.082115988
OTHER FATS & SPREADS,21,Both,31-50 Years,4389,67.4958846,9.161988001,0.344022382,4.670897025,0.344022382,24.84460335,1.088984181,31.75642147,1.352166734,0.121769774,0.00486147,0.062615237,0.004695029,0.328142134,0.01495169,0.451299651,0.022990469,13.57414316,0.400284016,9.613308297,0.409346032,29.35101929,1.079711821,38.72584878,1.981469571,0.180410665,0.005842037,0.128701127,0.007231266,0.381681176,0.019030853,0.532264295,0.036673836
OTHER FATS & SPREADS,21,Both,51-70 Years,4465,65.39847447,8.470834374,0.339685693,4.231584515,0.339685693,22.70834025,1.187898818,31.97738484,1.674379446,0.110305502,0.004333322,0.056889954,0.005673127,0.297748288,0.014065211,0.395659359,0.017065539,12.95264827,0.449000919,9.170220578,0.332854018,27.44029565,1.456787037,36.83306585,1.961593254,0.168666782,0.005612179,0.120060192,0.005235158,0.362443399,0.015873646,0.458021433,0.022260349
OTHER FATS & SPREADS,21,Both,71+ Years,2628,66.98822694,7.893025231,0.354380706,4.150591166,0.354380706,20.90249773,1.224900564,30.20947541,2.050928059,0.109140717,0.004931292,0.058842251,0.005075898,0.294061477,0.01735336,0.426838278,0.022707816,11.7827051,0.43217326,8.3088335,0.44562904,26.428882,1.618708136,35.78946114,2.456668031,0.162925222,0.005995246,0.115009758,0.005245959,0.372999728,0.024683005,0.507923299,0.034272541
OTHER FATS & SPREADS,21,Both,1-18 Years,6339,70.16383862,7.921875884,0.224537839,4.158792781,0.224537839,21.74313579,0.802533289,29.89701375,1.207593871,0.236799955,0.007220377,0.118129444,0.006276549,0.641376265,0.019891819,0.847755279,0.040351757,11.29053946,0.275914366,7.507671618,0.329072627,25.42094546,0.978967296,34.520207,1.222875708,0.337441358,0.008723624,0.223786212,0.007353597,0.761802222,0.020211841,0.990277469,0.034813985
OTHER FATS & SPREADS,21,Both,19+ Years,13331,67.46382911,9.057011467,0.221780471,4.662323944,0.221780471,24.59900019,0.664860765,32.79613739,1.005288394,0.121791427,0.003169418,0.062446355,0.002822735,0.328946083,0.008823984,0.451340216,0.014601294,13.42498875,0.29170861,9.335228178,0.252944825,29.4612169,0.803274423,38.64719299,1.281060553,0.180528482,0.004138557,0.123964948,0.003630303,0.392146974,0.010984757,0.530148881,0.021748396
OTHER FATS & SPREADS,21,Male,9-13 Years,1023,73.02816319,9.285945446,0.559346814,4.716011135,0.559346814,23.86793986,1.840785697,33.92148307,2.043831466,0.224240439,0.014968315,0.116900368,0.014712664,0.575266753,0.04088059,0.788767865,0.074251051,12.71556758,0.673104378,9.120969344,0.638340538,28.91386241,2.400970047,35.54530684,2.269773192,0.30706022,0.018030058,0.194607535,0.015705596,0.671228236,0.052051714,0.872421458,0.076519549
OTHER FATS & SPREADS,21,Male,14-18 Years,900,70.22656853,11.65824508,0.752057304,6.75 E,0.752057304,29.87880381,2.036045043,42.97448026,4.594181842,0.17004407,0.0113288,0.093846829,0.013864093,0.457645879,0.034304986,0.589937681,0.038645348,16.60090379,0.899702988,11.49241611,0.633125037,35.79786526,2.984250887,48.03117815,3.485681886,0.242136379,0.013658603,0.17385776,0.013866184,0.544714482,0.036700561,0.667063306,0.060910851
OTHER FATS & SPREADS,21,Male,19-30 Years,857,77.6972198,13.01550528,1.376083414,7.15 E,1.376083414,32.67860557,3.749710186,42.18 E,12.55166813,0.169720038,0.016343257,0.09 E,0.015230408,0.471267728,0.062952777,0.616789691,0.058510372,16.75157144,1.712645731,11.69873846,1.367669093,36.09057266,5.366260966,55.62 E,12.67514286,0.218437724,0.020292207,0.155172988,0.020545143,0.550804071,0.06156465,0.630017676,0.064046319
OTHER FATS & SPREADS,21,Male,31-50 Years,2005,68.86495973,10.37266754,0.52462376,5.596380363,0.52462376,26.67022437,1.150152383,35.19503328,3.096341589,0.122393681,0.006275159,0.066554985,0.007551152,0.336193091,0.017987112,0.411295414,0.028104499,15.06233008,0.607397724,11.58021921,0.878485391,30.49932882,1.674435749,41.37263594,2.185828404,0.177729983,0.007362629,0.137698036,0.01032171,0.36933797,0.016776983,0.475763116,0.026025316
OTHER FATS & SPREADS,21,Male,51-70 Years,2151,66.54998766,9.806480041,0.573141478,5.492271643,0.573141478,26.34073523,2.017072011,36.87602638,3.240796687,0.114379465,0.006454028,0.065476194,0.006825442,0.304922154,0.022889858,0.447792392,0.029113524,14.73550993,0.774665589,10.47762125,0.76773949,33.03480519,2.244361867,43.8789077,4.749415323,0.171870002,0.008647676,0.120746344,0.007429582,0.392926386,0.031128761,0.483377935,0.027420216
OTHER FATS & SPREADS,21,Male,71+ Years,1180,69.78194652,9.719121779,0.608219333,5.752429451,0.608219333,25.07726654,2.137253463,35.70361118,3.167517448,0.12165595,0.007674444,0.070578336,0.006421218,0.346215705,0.037516531,0.437054435,0.042183111,13.92784562,0.743279671,10.32791259,0.683234262,32.44467242,3.058886623,42.40796383,3.537200045,0.174337283,0.009362637,0.121639119,0.006653333,0.40615744,0.028146172,0.515442191,0.037970066
OTHER FATS & SPREADS,21,Male,19+ Years,6193,69.78466413,10.58948645,0.36501714,5.939574446,0.36501714,27.08520354,1.259003108,38.00577742,1.788561312,0.128164139,0.004341545,0.070564205,0.003613904,0.340269141,0.013712044,0.470179135,0.021146137,15.17451805,0.480109426,10.93655619,0.47776673,32.6867813,1.233019841,43.61548079,2.337206867,0.183656597,0.005668728,0.129744133,0.005335721,0.404136102,0.022474026,0.536059142,0.027726589
OTHER FATS & SPREADS,21,Female,9-13 Years,939,71.97457488,8.130539534,0.60961033,4.314557518,0.60961033,23.35764229,1.831288564,31.82457144,3.408081316,0.202095482,0.016582185,0.100559722,0.012306312,0.569422541,0.053268085,0.756360333,0.052286287,11.29640508,0.748439097,7.235914965,0.952468711,26.17543065,2.46688623,36.26852571,3.629336327,0.280787322,0.020838028,0.17455593,0.01774687,0.67868646,0.061285323,0.778549058,0.106021548
OTHER FATS & SPREADS,21,Female,14-18 Years,990,69.14182769,8.17159542,0.581101612,4.525005018,0.581101612,21.64638403,1.978794043,32.1273455,3.41196544,0.141163891,0.011266694,0.071597829,0.009799719,0.346023075,0.039448865,0.59 E,0.105642436,11.81859909,0.727233237,7.938919173,0.671175195,27.15898549,3.132506467,36.02181548,4.124782004,0.204165692,0.014484831,0.129766868,0.012229855,0.467363167,0.066115808,0.77 E,0.132417339
OTHER FATS & SPREADS,21,Female,19-30 Years,992,65.21849484,8.341755728,0.985278546,3.98 E,0.985278546,25.74321554,3.583033437,33.52833284,4.813112184,0.135284022,0.019620132,0.05 E,0.008586818,0.366815907,0.038505011,0.47 E,0.128657668,12.79047569,1.302213304,7.745925074,1.051102487,29.42586395,4.084093794,36.99 E,7.108287988,0.207431991,0.027396849,0.128481446,0.015973817,0.4 E,0.071276686,F,F
OTHER FATS & SPREADS,21,Female,31-50 Years,2384,66.1857306,8.003412691,0.402733421,4.181531554,0.402733421,21.50283195,1.087284544,29.90905315,1.524360268,0.121172719,0.006607535,0.059407983,0.005809213,0.310505508,0.022589587,0.464439983,0.042344477,12.09235377,0.500974943,8.729951507,0.44130548,26.25734649,2.10201277,33.24998371,2.31950357,0.183079823,0.008489044,0.119612849,0.008652881,0.417201883,0.034759048,0.58495597,0.052389025
OTHER FATS & SPREADS,21,Female,51-70 Years,2314,64.2731914,7.165613158,0.370706394,3.362427764,0.370706394,20.49855572,1.080351462,25.52778175,1.007704934,0.106324339,0.005855688,0.045987918,0.006556499,0.283924777,0.018151518,0.367490616,0.012858091,11.14868112,0.47329559,7.850460264,0.555566609,24.71793936,1.235382239,29.69962628,1.473600269,0.165425641,0.007575795,0.118396099,0.007919975,0.342527137,0.012661276,0.40927647,0.020601098
OTHER FATS & SPREADS,21,Female,71+ Years,1448,64.77510778,6.446434349,0.391421719,3.23678531,0.391421719,16.3339526,1.258872808,26.0210854,2.411960114,0.099226443,0.006135491,0.048007638,0.005831062,0.255519935,0.02271061,0.393628466,0.038620122,9.95202412,0.511127353,6.799340417,0.455788797,21.41685402,2.115955678,30.05944531,2.494057077,0.153186072,0.008022216,0.104426037,0.007637422,0.326987328,0.032911335,0.461817769,0.050696674
OTHER FATS & SPREADS,21,Female,19+ Years,7138,65.22320353,7.577499723,0.25384941,3.678243608,0.25384941,21.30858036,0.739660023,29.41117456,1.208993684,0.115638959,0.004543247,0.053234362,0.00360437,0.308423652,0.011357353,0.419880755,0.018447188,11.61779752,0.321245674,8.06494505,0.365078165,25.74857374,1.041140701,32.71497613,1.596715401,0.17729727,0.006061225,0.119164441,0.004462228,0.374263719,0.01274532,0.515160391,0.034644682
VEGETABLE OILS ,21A,Both,All ages,19670,53.29139214,4.638217447,0.12342217,0.76 E,0.12342217,13.8678891,0.398359649,19.58904239,0.513985261,0.076600493,0.002105235,0.01 E,0.002053419,0.214814175,0.005914225,0.324358982,0.010014378,8.703502124,0.187190072,5.921209695,0.160819274,18.77431084,0.539242302,25.30441418,1.064332165,0.143634285,0.003292893,0.092227505,0.002410736,0.311858824,0.010192276,0.440874479,0.021211877
VEGETABLE OILS ,21A,Both,1-3 Years,1288,49.70826491,2.341754323,0.260250195,F,F,6.474201774,0.644064142,9.955473757,1.529582834,0.172887098,0.020780437,F,F,0.447396881,0.055886077,0.71 E,0.118852243,4.710995903,0.445038627,2.896304711,0.293521985,10.04369741,1.449385135,14.08248325,1.334522063,0.340972272,0.036406986,0.214555691,0.020672805,0.7049884,0.112883563,0.970887515,0.086334346
VEGETABLE OILS ,21A,Both,4-8 Years,1199,58.32327412,3.553903658,0.248502789,1.11 E,0.248502789,10.2514453,1.199615958,15.0294556,0.984064495,0.155524461,0.01066026,0.05 E,0.013136428,0.489622201,0.039855152,0.644232392,0.040909076,6.093457049,0.341817847,4.342634822,0.29748179,14.41692028,1.026355247,16.62867991,1.663110215,0.266659345,0.014744235,0.175416247,0.013875666,0.623261192,0.036649674,0.77737154,0.061980515
VEGETABLE OILS ,21A,Both,9-13 Years,1962,58.65264125,4.29840277,0.293288681,0.95 E,0.293288681,11.96151892,1.064767108,17.18783572,1.743949399,0.107164152,0.008413449,0.02 E,0.007136862,0.303517795,0.023778328,0.453861696,0.040519744,7.328574942,0.45708449,4.559617107,0.346708117,16.63766443,1.062913813,24.34465631,3.593775067,0.182709848,0.013265503,0.107465856,0.007913789,0.418367263,0.033091324,0.609646866,0.093479206
VEGETABLE OILS ,21A,Both,14-18 Years,1890,56.55206569,4.878280794,0.286613958,1.25 E,0.286613958,13.83071469,1.195508466,20.95471941,2.092359311,0.076655675,0.004990143,0.02 E,0.004484681,0.214365288,0.01119487,0.309819396,0.025389206,8.626176134,0.442728801,5.841670426,0.376601797,19.77958994,1.672669089,28.25370439,2.25428748,0.135548851,0.0079323,0.092222991,0.006372998,0.296123539,0.023234228,0.441713066,0.058365637
VEGETABLE OILS ,21A,Both,19-30 Years,1849,56.40186224,5.601757864,0.575026296,F,F,16.86594948,1.808272511,22.94388414,2.756158239,0.083580633,0.008990942,F,F,0.236515606,0.025460915,0.34 E,0.071909356,9.931866858,0.875308918,6.218257282,0.64810198,22.28043945,2.36872224,29.0381768,4.034557548,0.148187718,0.013827721,0.089317538,0.009101446,0.33 E,0.055612145,0.508821684,0.084298739
VEGETABLE OILS ,21A,Both,31-50 Years,4389,54.16044489,5.05594556,0.228541514,F,F,15.72244014,0.66006859,20.01265506,0.90372671,0.067386683,0.003084109,F,F,0.193941399,0.0091918,0.276174131,0.015975263,9.335125608,0.314032483,6.8243062,0.333657909,19.17137832,0.899295324,24.65253523,1.363752191,0.124420476,0.00432199,0.0915627,0.005680322,0.262710777,0.015843037,0.348565058,0.01664208
VEGETABLE OILS ,21A,Both,51-70 Years,4465,50.19362122,4.473768247,0.219358525,F,F,13.45835469,0.489072939,19.24210728,0.761933284,0.058342542,0.002942378,F,F,0.1721383,0.008570734,0.246583724,0.013156805,8.913021491,0.369423211,6.031321983,0.286079294,19.17840089,0.731448875,24.55282776,1.979042202,0.116234973,0.004962157,0.082726723,0.004326946,0.246305552,0.013293135,0.338669797,0.017264214
VEGETABLE OILS ,21A,Both,71+ Years,2628,48.1520238,3.855151242,0.230874175,F,F,11.38188683,0.675854569,16.39138491,1.320587566,0.05391501,0.003337923,F,F,0.159151019,0.011287664,0.248528158,0.023634123,8.006208124,0.3901198,5.408571884,0.340740692,16.80571375,1.336955918,23.51165433,2.471390033,0.111968317,0.005610822,0.078411385,0.003470902,0.250928315,0.022674537,0.365423883,0.035344971
VEGETABLE OILS ,21A,Both,1-18 Years,6339,56.46949579,3.930792424,0.144398249,0.897977946,0.144398249,11.15451428,0.56706926,16.60680174,0.514083492,0.12228128,0.005390898,0.03 E,0.00486609,0.347325267,0.016530747,0.546519149,0.024743011,6.960912912,0.2151157,4.500473826,0.16148772,15.95425964,0.589437294,22.38238704,1.60563437,0.215638469,0.008248709,0.123738136,0.005034964,0.516887643,0.024386975,0.688897302,0.048704497
VEGETABLE OILS ,21A,Both,19+ Years,13331,52.51082042,4.811967591,0.147609302,0.71 E,0.147609302,14.61490682,0.471469572,20.00126369,0.577663324,0.065514323,0.002172247,0.01 E,0.002586401,0.18978009,0.005210193,0.2776181,0.010460172,9.163763873,0.225548681,6.256896619,0.243914527,19.65135655,0.552694261,25.59976158,1.324231874,0.124763473,0.003384385,0.08605598,0.003071068,0.266312726,0.010912416,0.363234716,0.012900527
VEGETABLE OILS ,21A,Male,9-13 Years,1023,59.1971767,4.563211154,0.392951534,1.64 E,0.392951534,12.73927579,1.591328091,19.04170165,2.000476828,0.110448693,0.010399225,0.04 E,0.010572692,0.324138595,0.026069794,0.464896274,0.053106253,7.708494575,0.587850149,4.852350968,0.518255433,17.01610022,1.625304361,24.28 E,4.409459244,0.186577637,0.015688683,0.116616173,0.00937969,0.411946256,0.043671863,0.6 E,0.138728758
VEGETABLE OILS ,21A,Male,14-18 Years,900,56.35024351,5.631564543,0.444658923,F,F,17.31415276,1.897546417,25.7402226,3.303391753,0.081851092,0.006683078,F,F,0.224004865,0.020115327,0.386267606,0.061158547,9.993860173,0.652260024,6.814101294,0.734274888,24.32959019,3.335057536,29.4712534,2.252631268,0.145254194,0.009764859,0.098057738,0.01035856,0.333151798,0.044095216,0.497265609,0.067739222
VEGETABLE OILS ,21A,Male,19-30 Years,857,58.80420728,6.347963755,0.973680091,F,F,19.31044224,2.577323458,24.48 E,5.576307865,0.088013164,0.013712683,F,F,0.264845766,0.040106814,0.38 E,0.08468674,10.79508431,1.4357384,6.592539796,1.044588632,23.36 E,4.017189546,31.96 E,8.81188365,0.149671542,0.020282856,0.08 E,0.014593232,0.34 E,0.074266263,0.51 E,0.090056036
VEGETABLE OILS ,21A,Male,31-50 Years,2005,55.35769341,5.655189963,0.390630335,F,F,17.25789107,0.938806131,22.13796813,1.103394361,0.066666985,0.004707876,F,F,0.197029129,0.013512486,0.266324829,0.023288137,10.21572543,0.516043346,7.376539172,0.739182944,21.06914709,1.161812158,25.81587411,2.284212113,0.120429485,0.006204904,0.091549558,0.009410993,0.251820559,0.021729201,0.343459155,0.023171197
VEGETABLE OILS ,21A,Male,51-70 Years,2151,51.77408313,5.140543663,0.337806882,F,F,14.61568512,1.405384143,20.18198527,1.397785772,0.060314631,0.003835874,F,F,0.169724337,0.011958425,0.247656123,0.025201988,9.928797098,0.564189007,6.97133647,0.565650568,19.6512729,1.415881458,29.05324279,4.240337345,0.116495798,0.006409263,0.084160001,0.00637574,0.242188883,0.024136341,0.343465754,0.029772144
VEGETABLE OILS ,21A,Male,71+ Years,1180,53.45921239,4.679039852,0.366374038,F,F,13.52029325,1.083639052,19.77066272,2.063869382,0.059637939,0.004792655,F,F,0.168506958,0.012770627,0.27294036,0.034711153,8.75254169,0.538672301,6.126185045,0.487925907,18.43019788,1.949283349,25.55014225,3.940533558,0.111557834,0.007113396,0.076017879,0.005301479,0.255285342,0.0328828,0.36880154,0.046748905
VEGETABLE OILS ,21A,Male,19+ Years,6193,54.58582734,5.503877768,0.242695223,1.12 E,0.242695223,16.55062564,0.727678878,21.98811467,0.869250739,0.067640311,0.003144996,0.01 E,0.003042914,0.191569643,0.009221998,0.287431773,0.017092349,10.08297948,0.364637753,6.987122899,0.283942869,20.98466771,0.909752721,28.40023584,2.308981634,0.123915518,0.004827208,0.084077082,0.004268478,0.268005774,0.018012379,0.369169044,0.024191042
VEGETABLE OILS ,21A,Female,9-13 Years,939,58.07954398,4.019704723,0.442519909,0.81 E,0.442519909,10.66927176,1.390319387,16.36 E,2.727035045,0.10370733,0.013164117,0.02 E,0.005955351,0.281813061,0.038270049,0.430073298,0.070393899,6.921033548,0.672559041,4.277544173,0.45491061,15.26983469,1.923455651,24.74 E,5.234600674,0.178560855,0.020682643,0.095498669,0.009710818,0.424757026,0.054411959,0.62 E,0.146997446
VEGETABLE OILS ,21A,Female,14-18 Years,990,56.76546004,4.081804952,0.365662659,0.93 E,0.365662659,11.51490818,1.24701107,17.62034078,2.552541892,0.071162361,0.007613892,0.02 E,0.005441361,0.204025986,0.016515926,0.293192241,0.031605165,7.190648942,0.554203477,4.908176012,0.405325236,15.2819228,2.283998804,22.26 E,3.965470785,0.12536208,0.011941271,0.08560545,0.008186274,0.275463636,0.030973942,0.36 E,0.091631702
VEGETABLE OILS ,21A,Female,19-30 Years,992,53.74173123,4.775479622,0.529799427,F,F,14.56180029,1.869431983,19.71 E,3.419854303,0.078672464,0.011181684,F,F,0.213480357,0.02776289,0.31 E,0.088619817,8.885980247,0.763334029,6.169386142,0.660696218,17.85 E,3.4584625,27.28132303,3.925789199,0.146389896,0.017895452,0.096138437,0.009052739,0.29 E,0.079645785,0.49 E,0.134940744
VEGETABLE OILS ,21A,Female,31-50 Years,2384,53.01472257,4.482490946,0.234457589,F,F,13.12262846,0.927541861,18.19677923,1.141138506,0.068075408,0.003782957,F,F,0.193815266,0.011986851,0.284251291,0.018297149,8.45518137,0.35277082,6.233482323,0.481054599,17.62269678,1.185164732,22.14176281,1.726997382,0.128408496,0.005977497,0.091799202,0.006414276,0.267433886,0.018394711,0.351730823,0.030203537
VEGETABLE OILS ,21A,Female,51-70 Years,2314,48.6491604,3.822181197,0.267605602,F,F,12.34289537,0.957401324,17.64008056,1.209289209,0.056415375,0.004266023,F,F,0.174758916,0.012829013,0.246304876,0.015334156,7.856623148,0.462733877,5.131908262,0.287111238,17.68783566,1.039236225,22.08608532,1.006077614,0.115963717,0.007490951,0.080347489,0.004994178,0.248159067,0.01537996,0.316779889,0.018391551
VEGETABLE OILS ,21A,Female,71+ Years,1448,43.94779341,3.202485996,0.282746015,F,F,9.071816497,1.073831103,14.61695092,1.505730283,0.04938144,0.004392553,F,F,0.143094083,0.016315337,0.223019727,0.030011213,7.287023416,0.540947901,4.895397895,0.349769911,15.70597736,1.479714662,20.78 E,4.01816768,0.112363868,0.008240387,0.079302398,0.004399898,0.248557419,0.031836961,0.350575265,0.05131466
VEGETABLE OILS ,21A,Female,19+ Years,7138,50.50752697,4.143970239,0.157465759,F,F,12.58635064,0.617893594,17.65560289,0.66309224,0.063461811,0.002793948,F,F,0.184709094,0.006546018,0.26622211,0.012127108,8.204658767,0.250352984,5.716545833,0.213433679,17.5991657,0.639895439,22.33528949,1.350329264,0.125648224,0.004649619,0.087697527,0.003825357,0.266052634,0.011665708,0.353438562,0.01775279
ANIMAL FATS ,21B,Both,All ages,19670,4.25864061,0.312982223,0.030860127,F,F,F,.,F,.,0.004816941,0.000531716,F,F,F,.,F,.,7.349345761,0.538999788,4.121797221,0.535804354,18.56 E,3.399531654,25.91831461,2.495341352,0.114502944,0.010311765,0.05715473,0.005262504,0.25 E,0.055299875,0.451840507,0.065732985
ANIMAL FATS ,21B,Both,1-3 Years,1288,4.772842566,F,F,F,F,F,.,F,.,F,F,F,F,F,.,F,.,6.02 E,1.475912265,F,F,8.99 E,2.836809284,13.44 E,2.930047118,F,F,F,F,F,F,1.18 E,0.368636739
ANIMAL FATS ,21B,Both,4-8 Years,1199,2.842032078,F,F,F,F,F,.,F,.,F,F,F,F,F,.,F,.,5.79 E,1.678559017,F,F,12.26 E,2.680265853,F,F,0.26 E,0.08730325,F,F,0.58 E,0.141511054,F,F
ANIMAL FATS ,21B,Both,9-13 Years,1962,2.779238069,F,F,F,F,F,.,F,.,F,F,F,F,F,.,F,.,F,F,2.07 E,0.685683244,F,F,F,F,F,F,F,F,F,F,F,F
ANIMAL FATS ,21B,Both,14-18 Years,1890,3.084223743,0.19 E,0.04873593,F,F,F,.,F,.,0 E,0.000636581,F,F,F,.,F,.,6.26 E,1.449608643,2.86 E,0.923797872,13.12963138,2.070407468,F,F,0.09 E,0.016965626,F,F,0.21 E,0.05058672,0.28 E,0.055001939
ANIMAL FATS ,21B,Both,19-30 Years,1849,3.110049288,0.14 E,0.046750414,F,F,F,.,F,.,0 E,0.000618219,F,F,F,.,F,.,4.56 E,1.48987035,1.56 E,0.442741832,10.93 E,2.315474435,F,F,0.06 E,0.019670853,0.02 E,0.00540143,0.14 E,0.028860023,0.2 E,0.063827036
ANIMAL FATS ,21B,Both,31-50 Years,4389,4.037225706,0.34 E,0.076055402,F,F,F,.,F,.,0 E,0.001248765,F,F,F,.,F,.,8.364620353,1.319496337,4.12 E,1.185467451,25.72 E,5.438410743,28.83814568,3.446746543,0.12 E,0.023227799,0.06 E,0.011887376,0.42 E,0.134471171,0.53 E,0.108949111
ANIMAL FATS ,21B,Both,51-70 Years,4465,5.078168371,0.4 E,0.072353053,F,F,F,.,F,F,0 E,0.000875969,F,F,F,.,F,F,7.809598486,0.951848351,5.01 E,0.961668863,14.12 E,4.48528155,25.59 E,4.88204082,0.097252887,0.011566664,0.07 E,0.01127392,0.184307129,0.029590097,0.28 E,0.064594377
ANIMAL FATS ,21B,Both,71+ Years,2628,6.45965779,0.47 E,0.07855393,F,F,F,.,F,F,0.01 E,0.001251376,F,F,F,.,F,F,7.222390634,0.941854458,5.494620712,0.660162334,F,F,25.08 E,4.865437258,0.10052296,0.016014094,0.06498457,0.008621068,F,F,0.42 E,0.125422291
ANIMAL FATS ,21B,Both,1-18 Years,6339,3.216048313,0.2 E,0.039141875,F,F,F,.,F,.,0.01 E,0.001408688,F,F,F,.,F,.,6.356111115,0.987779109,2.95 E,0.706862028,13.41781494,1.452123027,F,F,0.2 E,0.040702996,0.08 E,0.014432415,0.5 E,0.122238921,F,F
ANIMAL FATS ,21B,Both,19+ Years,13331,4.514710944,0.339647191,0.037208095,F,F,F,.,F,.,0.004542517,0.000553837,F,F,F,.,F,.,7.523121535,0.601341771,4.403508009,0.568103651,19.38 E,3.614707944,26.06962221,2.455837377,0.100615894,0.009555896,0.055328041,0.005407249,0.22 E,0.057195066,0.43 E,0.074667822
ANIMAL FATS ,21B,Male,9-13 Years,1023,2.134887125,F,F,F,F,F,.,F,.,F,F,F,F,F,.,F,.,F,F,F,F,F,F,F,F,F,F,F,F,F,F,F,F
ANIMAL FATS ,21B,Male,14-18 Years,900,2.532635565,F,F,F,F,F,.,F,.,F,F,F,F,F,.,F,.,9.61 E,2.717998705,F,F,F,F,F,F,0.12 E,0.029376307,0.07 E,0.020866093,0.28 E,0.083271232,0.33 E,0.090329758
ANIMAL FATS ,21B,Male,19-30 Years,857,2.986780315,F,F,F,F,F,.,F,.,F,F,F,F,F,.,F,.,F,F,F,F,F,F,F,F,F,F,F,F,F,F,F,F
ANIMAL FATS ,21B,Male,31-50 Years,2005,4.615462928,0.33 E,0.069667772,F,F,F,.,F,.,0 E,0.000797889,F,F,F,.,F,.,7.244290094,0.988735805,4.86 E,1.567545548,16.32 E,3.397253646,21.42384677,3.187249258,0.084135825,0.01172638,0.06 E,0.016743915,0.16 E,0.038950323,0.27 E,0.06030846
ANIMAL FATS ,21B,Male,51-70 Years,2151,4.774262446,0.44 E,0.110373564,F,F,F,.,F,.,0 E,0.001208683,F,F,F,.,F,.,9.2 E,1.534621463,5.88 E,1.727614249,20.41 E,5.352012107,31.45 E,6.803027169,0.104076987,0.017071136,0.07 E,0.018834176,0.23 E,0.056120432,0.3 E,0.068849215
ANIMAL FATS ,21B,Male,71+ Years,1180,5.928862902,0.45 E,0.091330679,F,F,F,.,F,F,0.01 E,0.00108777,F,F,F,.,F,F,7.625869455,0.932145758,5.934959956,0.825580085,F,F,22.77 E,5.687532157,0.090949158,0.011955982,0.072079179,0.009388709,0.15 E,0.041992045,0.24 E,0.053275606
ANIMAL FATS ,21B,Male,19+ Years,6193,4.517307302,0.352278778,0.048099843,F,F,F,.,F,.,0.004103153,0.000548221,F,F,F,.,F,.,7.798424024,0.748445968,5.494586758,0.839949135,18.04 E,3.155341657,21.98 E,3.993434477,0.090831835,0.008820142,0.058979978,0.009128511,0.17 E,0.031371271,0.289552352,0.044531008
ANIMAL FATS ,21B,Female,9-13 Years,939,3.457386348,F,F,F,F,F,.,F,.,F,F,F,F,F,.,F,.,4.17 E,1.274021264,F,F,F,F,14.54 E,4.566714178,0.1 E,0.029884805,F,F,F,F,F,F
ANIMAL FATS ,21B,Female,14-18 Years,990,3.667439111,0.14 E,0.035041005,F,F,F,.,F,.,0 E,0.000593319,F,F,F,.,F,.,3.82 E,0.888158334,F,F,11.54 E,2.7504122,12.92505553,1.677532372,0.06 E,0.0138975,0.03 E,0.00969924,0.16 E,0.03991886,0.22 E,0.038669476
ANIMAL FATS ,21B,Female,19-30 Years,992,3.246545758,0.11 E,0.032438016,F,F,F,.,F,.,0 E,0.000477999,F,F,F,.,F,.,3.4 E,0.859629335,F,F,8.96 E,2.207922677,11.34 E,2.496087243,0.05 E,0.012780463,F,F,0.13 E,0.033398885,F,F
ANIMAL FATS ,21B,Female,31-50 Years,2384,3.483874182,F,F,F,F,F,.,F,.,F,F,F,F,F,.,F,.,9.78 E,2.675860611,F,F,28.77 E,5.866879937,29.36354538,3.226339161,0.16 E,0.048540922,F,F,0.53 E,0.133147744,0.533721682,0.08225565
ANIMAL FATS ,21B,Female,51-70 Years,2314,5.375151674,0.35 E,0.085291129,F,F,F,.,F,F,0 E,0.001163541,F,F,F,.,F,F,6.6 E,1.104056154,4.14 E,1.215626265,13.30939975,1.531839509,F,F,0.091329722,0.015026812,0.06 E,0.015187306,0.184010612,0.020639596,0.21 E,0.056657361
ANIMAL FATS ,21B,Female,71+ Years,1448,6.880141058,0.48 E,0.12517218,F,F,F,.,F,F,0.01 E,0.002128967,F,F,F,.,F,F,6.95 E,1.442059391,4.5 E,0.845595671,F,F,24.51 E,5.867659918,0.11 E,0.025624684,0.05 E,0.011804966,F,F,0.42 E,0.119773391
ANIMAL FATS ,21B,Female,19+ Years,7138,4.512204317,0.33 E,0.058310957,F,F,F,.,F,.,0 E,0.000979611,F,F,F,.,F,.,7.257033076,0.953517996,3.34 E,0.658691908,23.73 E,6.406093837,28.84159058,3.53890882,0.110072493,0.016817006,0.053990616,0.006978065,0.34 E,0.110030497,0.468037693,0.07493086
SHORTENING,21C,Both,All ages,19670,37.59760452,3.881985731,0.13582513,F,F,12.70135741,0.544564163,19.99907471,0.527021139,0.062834314,0.001927659,F,F,0.205523,0.007360415,0.319492668,0.014160046,10.32508794,0.29336259,6.736236025,0.238885256,22.05922191,0.902498963,31.94921183,1.436999445,0.1673009,0.004189326,0.101789168,0.003312687,0.391401391,0.018964542,0.548612131,0.017437828
SHORTENING,21C,Both,1-3 Years,1288,35.53989108,1.949606734,0.217388456,F,F,6.87 E,1.293299319,11.87221259,1.553945065,0.122106554,0.012358242,F,F,0.4 E,0.068223346,0.678220261,0.080033881,5.485685731,0.425115191,3.245846617,0.522118351,12.66441263,1.378873941,16.058068,0.886864722,0.358360278,0.024964929,0.240100656,0.018808401,0.85069699,0.062569718,0.997134208,0.116974225
SHORTENING,21C,Both,4-8 Years,1199,44.18164075,3.334690517,0.271390532,F,F,11.02768317,1.003123038,14.2333971,1.141245172,0.141453636,0.011124067,F,F,0.451843837,0.035207153,0.607534364,0.037639083,7.547683745,0.494641851,5.641487318,0.424617428,15.17855506,1.232758605,20.79752659,3.053004473,0.320163836,0.020438993,0.231159527,0.023681723,0.614421473,0.053174119,0.938166901,0.125752566
SHORTENING,21C,Both,9-13 Years,1962,45.46637307,4.217994304,0.250928364,F,F,13.58838996,0.846986684,19.99577461,1.238003135,0.10059372,0.005807495,F,F,0.338960688,0.02455897,0.461479538,0.037502148,9.27717348,0.425359336,6.329785028,0.47994775,21.32390743,1.448889976,27.53663596,2.127800948,0.221248614,0.009752454,0.167965982,0.016565205,0.490659552,0.043785654,0.606083198,0.033508295
SHORTENING,21C,Both,14-18 Years,1890,41.46034851,4.892012372,0.375276329,F,F,15.82767027,1.488337377,24.96761452,2.74821841,0.07662189,0.006046036,F,F,0.234450232,0.019764424,0.394126669,0.048072997,11.79925531,0.699876394,8.316931852,0.488535403,28.32721999,2.864274801,34.8342068,2.066520975,0.184807636,0.011378458,0.120188714,0.009522155,0.437393051,0.046197461,0.599719304,0.055430276
SHORTENING,21C,Both,19-30 Years,1849,41.64323734,5.05399636,0.660817998,F,F,17.175318,2.081638202,22.06 E,3.678540106,0.067875765,0.007591275,F,F,0.225421353,0.022030535,0.35 E,0.070379458,12.13641562,1.370069293,7.974608089,1.057668781,23.52 E,4.983288259,34.38 E,8.438333632,0.162993488,0.015155861,0.107939968,0.01610247,0.4 E,0.076383301,0.560175063,0.061492067
SHORTENING,21C,Both,31-50 Years,4389,35.15174624,3.768343837,0.226598898,F,F,12.130439,1.07057532,20.00693812,1.290322587,0.04964345,0.003226484,F,F,0.155879774,0.012611988,0.257475304,0.025775814,10.72021803,0.474866088,6.788123054,0.403330987,24.40576225,1.34922293,32.949314,2.695606014,0.141226128,0.007009285,0.087439899,0.005109501,0.307777541,0.022243881,0.474357863,0.038733954
SHORTENING,21C,Both,51-70 Years,4465,35.07915128,3.600481567,0.251256392,F,F,11.3692026,0.691171412,18.85902028,1.100485647,0.047024295,0.00310833,F,F,0.15340233,0.011700284,0.244885031,0.013761617,10.26387879,0.572614502,7.0207949,0.46544052,21.38720976,1.842852833,29.86654248,3.670300419,0.134051974,0.006848622,0.086981537,0.006268613,0.280763687,0.022262896,0.429959305,0.051869388
SHORTENING,21C,Both,71+ Years,2628,37.01046126,3.57133227,0.249472699,F,F,10.79797933,0.818166606,17.86840256,1.257035718,0.048732268,0.003296309,F,F,0.154054767,0.008360656,0.247748063,0.018253789,9.649521103,0.525822481,6.386281827,0.32225626,20.03702624,1.138916776,28.28637425,3.041836246,0.131671603,0.006859856,0.084425522,0.004507099,0.288607589,0.019289095,0.40126,0.044852934
SHORTENING,21C,Both,1-18 Years,6339,42.30584718,3.786667856,0.153627264,F,F,12.54131095,0.531058731,18.2415014,0.811008192,0.108570964,0.004391233,F,F,0.35433788,0.01669414,0.536370384,0.025776243,8.9506962,0.2931566,5.97817617,0.241600058,19.91575411,0.833489997,27.56184476,1.761078384,0.257533349,0.008259818,0.177272503,0.008287115,0.578564801,0.022464807,0.730903699,0.044209494
SHORTENING,21C,Both,19+ Years,13331,36.44121648,3.905396685,0.162303366,F,F,12.72241513,0.680764284,20.00556696,0.695484167,0.051734587,0.002056768,F,F,0.168677894,0.008419168,0.263431074,0.01236098,10.71697672,0.368947203,6.920452496,0.335241498,23.0156896,1.084927812,32.72839978,1.727071561,0.141967234,0.004536585,0.089652208,0.00329682,0.30772961,0.016736192,0.47490878,0.027918602
SHORTENING,21C,Male,9-13 Years,1023,44.49540644,4.456819083,0.345029858,F,F,14.17152306,1.182972662,20.27902992,1.53131607,0.105872641,0.008263457,F,F,0.344928002,0.026023616,0.472993601,0.050749962,10.01635773,0.545857996,8.003300886,0.822131546,21.36271895,1.579465639,25.75563017,2.41307088,0.237940609,0.012894575,0.187581407,0.018496613,0.501107283,0.052820402,0.624392886,0.033101828
SHORTENING,21C,Male,14-18 Years,900,43.58311869,5.783194576,0.570886786,F,F,19.10350806,1.574782894,27.58237307,3.397314992,0.085080112,0.008447189,F,F,0.260737106,0.030103569,0.410786984,0.047376729,13.26934545,1.003062606,9.292477854,0.968723812,30.85550062,3.496063804,35.77176755,4.119991017,0.195213455,0.014908115,0.136776261,0.011533882,0.436500355,0.042274232,0.551598824,0.076230046
SHORTENING,21C,Male,19-30 Years,857,47.60396529,6.5 E,1.148850224,F,F,17.26 E,4.615513808,32.64 E,6.346755334,0.079506894,0.011628563,F,F,0.24 E,0.044986762,0.41 E,0.100718639,13.64866714,2.21060336,7.97 E,1.564139196,32.75 E,6.820530343,F,F,0.167017376,0.02201659,0.11 E,0.02117432,0.43 E,0.096826548,0.576660473,0.074412208
SHORTENING,21C,Male,31-50 Years,2005,38.03589708,4.383120056,0.342753316,F,F,14.20962783,1.224747855,21.16489716,2.159627735,0.051843438,0.004053326,F,F,0.168636781,0.014381818,0.240179826,0.021273325,11.52364054,0.678389083,7.628145054,0.57157768,25.3422414,1.75524686,34.63499438,3.139283395,0.136301343,0.008288804,0.090091678,0.006542806,0.281602258,0.023339413,0.379523221,0.050616849
SHORTENING,21C,Male,51-70 Years,2151,33.56593586,4.226774731,0.439869083,F,F,12.92226375,1.633750928,20.60982467,3.246765728,0.049095925,0.004989697,F,F,0.150401088,0.020581387,0.246902157,0.036667588,12.5924531,1.063668031,7.908752863,0.607400525,28.89058763,3.40039217,40.53 E,7.237479776,0.146267113,0.011980823,0.088870418,0.008462325,0.355824636,0.052659211,0.501996174,0.054356405
SHORTENING,21C,Male,71+ Years,1180,37.73322397,4.587954582,0.472873385,F,F,15.12209056,2.165492109,21.75727519,2.626453683,0.056625759,0.005812773,F,F,0.165548802,0.022589018,0.287024583,0.033676077,12.15892547,0.976916935,8.250973258,0.537015385,26.96062448,3.697205401,36.48826714,4.929296858,0.150068702,0.011962419,0.092775363,0.006818916,0.339123355,0.051207152,0.491487749,0.052156997
SHORTENING,21C,Male,19+ Years,6193,38.24286478,4.733329909,0.286364906,F,F,15.14197607,0.978033457,23.30300208,1.831496404,0.056420675,0.003174293,F,F,0.178955061,0.011338841,0.277546064,0.01713196,12.37702755,0.642569745,7.874320498,0.329072558,27.29284946,2.079064881,37.15139273,3.085408112,0.147532555,0.006933358,0.093221595,0.004995549,0.325858297,0.032418255,0.495821338,0.040982529
SHORTENING,21C,Female,9-13 Years,939,46.48826859,3.966642749,0.361798771,F,F,13.06876269,1.47363368,19.84161584,2.193053653,0.095037911,0.008342916,F,F,0.29766532,0.037543152,0.444819169,0.056458781,8.53256718,0.61827538,5.243956069,0.602248068,20.10192091,2.345024033,27.5315094,3.143878413,0.20443418,0.014001945,0.138269696,0.018723386,0.454936554,0.061736451,0.57917079,0.064757592
SHORTENING,21C,Female,14-18 Years,990,39.21586207,3.949731196,0.439786828,F,F,13.33639704,1.253860865,21.32 E,4.090100353,0.067678687,0.008106507,F,F,0.219101673,0.020890088,0.35 E,0.076734627,10.0717694,0.887098167,6.503739307,0.742418031,26.71 E,4.701044699,31.88853819,3.085121974,0.172579877,0.016905939,0.098687716,0.014208328,0.46 E,0.096614335,0.602150827,0.074973755
SHORTENING,21C,Female,19-30 Years,992,35.04288767,3.455810125,0.564358274,F,F,15.88 E,3.808191197,20.76412847,2.058570581,0.05 E,0.009698288,F,F,0.206390594,0.033354428,0.3 E,0.066881651,9.861659111,1.099558449,7.28 E,1.950571379,21.34116253,1.089847213,22.02790243,0.991339853,0.156940683,0.020655806,0.1 E,0.023766641,0.35 E,0.088155567,0.56 E,0.120924452
SHORTENING,21C,Female,31-50 Years,2384,32.39172111,3.180025853,0.309610838,F,F,9.993953289,1.61720187,20.00215829,2.23179907,0.047538143,0.004990387,F,F,0.141902216,0.019650907,0.302379097,0.047765208,9.817403162,0.702683423,5.950608546,0.477737937,24.39234589,2.643185904,30.41869306,3.422891677,0.146760164,0.011801784,0.082700641,0.008339941,0.352102893,0.056377562,0.476528945,0.039630557
SHORTENING,21C,Female,51-70 Years,2314,36.55789741,2.988454631,0.24204009,F,F,10.0766137,0.626399715,15.8132314,1.519921506,0.044999853,0.003722831,F,F,0.153671873,0.014710107,0.23559052,0.016395315,8.174580168,0.482203861,5.693373782,0.740200934,17.84821706,1.740594988,21.46248975,2.382551437,0.123092017,0.007403825,0.084566933,0.009450065,0.266834016,0.017549676,0.330026457,0.040520239
SHORTENING,21C,Female,71+ Years,1448,36.43790559,2.765987905,0.220413303,F,F,9.253172918,0.609607676,13.92727302,1.136030541,0.042479228,0.003496153,F,F,0.14786038,0.01118743,0.211974284,0.022066262,7.590962927,0.442149731,5.754818999,0.341932277,15.80145433,1.254543319,20.27305329,1.901630051,0.116579775,0.007148096,0.081586366,0.005627001,0.248667881,0.022025027,0.320911452,0.026708414
SHORTENING,21C,Female,19+ Years,7138,34.70183421,3.106077324,0.171273527,F,F,10.55079761,0.633477715,18.64915382,1.386456666,0.047210453,0.002807372,F,F,0.156569263,0.010239571,0.249091804,0.015852491,8.950758354,0.347757417,5.899177376,0.286332341,20.91448537,0.79465696,24.42088773,1.322375312,0.136045986,0.006072558,0.085432633,0.004861435,0.307215495,0.019181697,0.452886421,0.043909228
