FoodID,YieldID,YieldAmount,YieldDateofEntry
57,985,21.959,2004-08-12
57,1391,1.318,2004-08-12
66,985,31.72,2016-08-10
67,985,25.34,2004-08-12
112,985,133.136,2012-08-28
115,993,24.303,2004-08-12
126,940,68.9,2001-07-04
127,940,31.076,2001-07-04
134,985,25.04,2016-08-10
140,985,133.136,2012-08-28
555,464,10.46,1997-05-01
556,1395,1026.67004,2023-05-26
556,686,339.5,2003-10-28
556,682,67.02,2018-11-14
557,1395,706.66998,2003-10-28
557,686,233.69,2003-10-28
557,682,67.02,2006-10-30
558,1395,683.33002,2023-05-26
558,686,225.97,2003-10-28
558,682,70.54,2006-10-31
559,1395,750.0,2003-10-28
559,686,248.01601,2003-10-28
559,682,74.07,2006-11-01
560,686,304.233,2003-10-28
561,1398,932.0,2003-10-02
561,686,309.0,2003-10-02
561,682,67.02,2018-11-14
562,686,207.0,2003-10-02
562,682,67.02,2006-10-30
563,1398,598.0,2003-10-02
563,686,196.0,2003-10-02
563,682,70.54,2006-10-31
564,686,221.0,2003-10-02
564,682,74.07,2006-11-01
565,1398,658.0,2003-10-02
565,686,217.0,2003-10-02
566,1398,516.0,2003-10-02
566,686,171.0,2003-10-02
566,1644,67.019,2006-11-01
567,1398,486.0,2003-10-02
567,686,161.0,2003-10-02
567,682,77.601,2006-10-30
568,1398,524.0,2003-10-02
568,686,173.0,2003-10-02
568,682,77.601,2006-10-30
569,686,126.0,2003-10-02
570,686,36.0,2003-10-02
571,464,0.75,1997-05-01
571,686,25.0,2003-10-02
572,686,14.0,2003-10-02
573,686,15.432,1997-05-01
574,686,12.125,1997-05-01
575,683,59.964,2006-11-01
576,686,1.984,1997-05-01
577,683,45.855,2006-11-01
578,686,11.023,1997-05-01
579,683,63.492,2006-11-01
580,686,127.866,1997-05-01
581,686,124.559,1997-05-01
581,682,74.07,2006-10-31
582,686,85.979,1997-05-01
582,682,74.074,2006-10-31
583,686,87.081,1997-05-01
583,682,67.019,2006-10-31
584,686,99.206,1997-05-01
584,682,67.02,2006-11-01
585,686,176.367,1997-05-01
586,686,184.08299,1997-05-01
586,682,74.07,2006-10-31
587,686,121.252,1997-05-01
587,682,67.02,2006-10-30
588,686,111.332,1997-05-01
588,682,70.547,2006-10-31
589,686,121.252,1997-05-01
589,682,77.601,2006-11-01
590,686,97.002,1997-05-01
591,686,70.547,1997-05-01
591,1644,63.492,2006-11-01
592,686,70.547,1997-05-01
592,682,77.601,2006-10-30
593,686,78.263,1997-05-01
593,682,77.601,2006-10-30
594,686,120.15,1997-05-01
595,686,100.309,1997-05-01
595,1644,67.019,2006-11-01
596,686,89.286,1997-05-01
596,682,77.601,2006-10-30
597,686,94.797,1997-05-01
597,682,77.601,2006-10-30
598,686,79.365,1997-05-01
598,1642,67.019,2006-10-31
599,686,48.501,1997-05-01
599,1642,42.328,2006-10-31
600,686,38.58,1997-05-01
600,1643,38.8,2006-11-01
601,686,92.593,1997-05-01
601,682,74.07,2006-10-31
602,686,65.035,1997-05-01
602,682,74.074,2006-10-31
603,686,57.319,1997-05-01
603,1644,63.492,2006-11-01
604,686,47.399,1997-05-01
604,1642,63.492,2006-11-01
605,686,31.966,1997-05-01
605,1642,52.91,2006-11-01
606,686,27.557,1997-05-01
606,1642,49.383,2006-11-01
607,686,111.332,1997-05-01
608,686,104.718,1997-05-01
608,1642,67.019,2006-11-01
609,686,73.854,1997-05-01
609,1642,49.383,2006-11-01
611,686,82.672,1997-05-01
611,1642,52.91,2006-11-01
612,686,85.979,1997-05-01
613,686,61.728,1997-05-01
613,1642,67.019,2006-11-01
615,686,66.138,1997-05-01
615,1643,45.855,2006-11-02
616,686,16.534,1997-05-01
617,686,17.637,1997-05-01
617,1642,67.019,2006-10-31
618,686,12.125,1997-05-01
618,1642,45.855,2006-10-31
619,686,12.125,1997-05-01
619,1642,45.855,2006-11-01
620,686,6.614,1997-05-01
621,686,7.716,1997-05-01
621,1643,38.8,2006-11-01
622,686,5.511,1997-05-01
622,1643,38.8,2006-11-01
623,686,57.319,1997-05-01
623,682,74.07,2006-10-31
624,686,41.887,1997-05-01
624,682,67.02,2006-10-30
625,686,34.171,1997-05-01
625,1644,67.019,2006-11-01
626,686,31.966,1997-05-01
627,686,31.966,1997-05-01
627,1642,52.91,2006-10-30
628,686,20.944,1997-05-01
628,1642,35.273,2006-10-30
629,686,23.148,1997-05-01
629,1642,35.273,2006-10-30
630,686,26.455,1997-05-01
630,1642,42.328,2006-11-01
631,686,18.739,1997-05-01
632,686,13.228,1997-05-01
632,1643,28.219,2006-10-30
633,686,14.33,1997-05-01
633,1642,28.219,2006-10-30
634,686,15.432,1997-05-01
634,1642,28.219,2006-10-30
635,465,15.09,1997-05-01
635,682,74.547,2006-10-31
636,664,1072.0,1997-05-01
636,686,259.039,1997-05-01
636,682,70.547,2006-10-31
638,686,231.481,1997-05-01
638,682,70.547,2006-10-31
639,686,230.379,1997-05-01
640,686,188.492,1997-05-01
640,682,77.601,2006-10-30
641,465,1.13,1997-05-01
641,686,27.557,1997-05-01
642,686,16.534,1997-05-01
643,686,105.82,1997-05-01
644,686,85.979,1997-05-01
644,682,77.601,2006-10-30
645,463,9.05,1997-05-01
646,666,593.0,1997-05-01
646,686,222.66299,1997-05-01
646,682,74.07,2006-11-01
647,686,298.72101,1997-05-01
648,686,196.20799,1997-05-01
648,682,74.07,2006-11-01
649,686,213.845,1997-05-01
650,463,0.81,1997-05-01
650,686,30.864,1997-05-01
651,666,50.0,1997-05-01
652,686,98.104,1997-05-01
653,686,70.547,1997-05-01
653,682,77.601,2006-10-30
654,686,115.741,1997-05-01
655,686,80.467,1997-05-01
655,682,77.601,2006-10-30
657,686,240.3,1997-05-01
657,682,70.547,2006-10-31
658,686,327.38101,1997-05-01
659,686,216.049,1997-05-01
659,682,70.547,2006-10-31
660,466,1.15,1997-05-01
660,686,19.841,1997-05-01
661,665,47.943,2004-02-02
662,686,316.358,1997-05-01
663,686,190.69701,1997-05-01
663,1642,42.328,2006-10-30
664,686,151.01401,1997-05-01
665,686,110.229,1997-05-01
665,1643,35.273,2006-10-30
666,686,11.023,1997-05-01
667,686,263.448,1997-05-01
668,686,80.467,1997-05-01
669,686,352.73401,1997-05-01
670,686,207.231,1997-05-01
671,686,203.924,1997-05-01
672,686,157.62801,1997-05-01
673,686,12.125,1997-05-01
674,686,395.72299,1997-05-01
675,686,303.13101,1997-05-01
676,686,408.95099,1997-05-01
677,686,359.34698,1997-05-01
678,686,186.287,1997-05-01
679,686,109.127,1997-05-01
680,686,446.42899,1997-05-01
681,686,376.98401,1997-05-01
682,686,229.27699,1997-05-01
683,686,327.38101,1997-05-01
684,686,276.67499,1997-05-01
685,686,166.446,1997-05-01
688,686,313.85001,2010-03-18
689,686,228.67999,2010-03-22
689,502455,50.66,2010-03-22
690,686,282.69,2010-03-18
691,686,208.48,2010-03-23
691,502455,44.75,2010-03-23
691,1644,73.07,2010-03-23
692,686,30.13,2010-03-23
693,686,19.45,2010-03-23
693,681,100.0,2011-05-10
694,470,2.44,1997-05-01
694,686,17.637,1997-05-01
695,686,11.022,1998-07-23
696,686,7.716,1997-05-01
697,683,59.965,2006-11-01
699,683,45.855,2006-11-01
700,686,7.716,1997-05-01
701,683,74.074,2006-11-01
702,686,13.228,1997-05-01
703,686,11.023,1997-05-01
703,1642,49.383,2006-11-01
704,686,192.16,2010-03-18
705,686,141.57001,2010-03-23
705,502455,53.81,2010-03-23
706,686,188.75,2010-03-19
707,686,87.1,2010-03-23
707,502455,45.25,2010-03-23
708,686,173.84,2010-03-18
709,686,129.08,2010-03-23
709,502455,47.76,2010-03-23
709,1644,73.63,2010-03-23
710,686,106.27,2010-03-19
711,686,79.4,2010-03-23
711,502455,39.63,2010-03-23
711,1644,71.61,2010-03-23
712,686,17.82,2010-03-19
713,686,14.39,2010-03-23
713,502455,28.8,2010-03-23
714,686,157.2,2010-03-19
715,686,117.01,2010-03-23
715,502455,57.29,2010-03-23
716,686,106.67,2010-03-19
717,686,72.72,2010-03-23
717,502455,48.66,2010-03-23
718,686,34.97,2010-03-19
719,686,24.57,2010-03-23
719,502455,37.23,2010-03-23
722,686,325.06,2010-03-05
723,686,233.35001,2010-03-05
723,502455,49.81,2010-03-05
724,686,289.67001,2010-03-05
725,686,211.8,2010-03-05
725,1644,73.65,2010-03-05
725,502455,45.86,2010-03-05
728,686,194.47,2010-03-05
729,686,144.07001,2010-03-05
729,502455,53.5,2010-03-05
730,686,130.59,2010-03-05
731,686,89.28,2010-03-05
731,502455,43.45,2010-03-05
732,686,173.42,2010-03-05
733,686,131.0,2010-03-05
733,1644,75.56,2010-03-05
733,502455,53.5,2010-03-05
734,686,116.25,2010-03-05
735,686,80.79,2010-03-05
735,1644,71.25,2010-03-05
735,502455,40.08,2010-03-05
740,686,156.25,2010-03-05
741,686,117.87,2010-03-16
741,502455,57.58,2010-03-16
742,686,145.0,2010-02-16
743,686,110.25,2010-03-16
743,1644,76.14,2010-03-16
743,502455,53.85,2010-03-16
744,686,111.33,2010-03-05
745,686,74.46,2010-03-16
745,1642,49.81,2010-03-16
746,686,101.09,2010-03-05
747,686,67.9,2010-03-16
747,1644,67.84,2010-03-16
747,502455,43.01,2010-03-16
748,686,38.22,2010-03-05
749,686,26.21,2010-03-16
749,1642,34.92,2010-03-16
750,686,28.63,2010-03-05
751,686,20.76,2010-03-16
751,502455,27.66,2010-03-16
751,1644,72.51,2010-03-16
754,686,327.70001,2010-03-04
755,686,225.17,2010-03-15
755,502455,48.75,2010-03-15
756,686,293.54999,2010-02-03
757,686,207.48,2010-03-15
757,1643,71.44,2010-03-15
757,502455,44.46,2010-03-15
760,686,202.00999,2010-03-04
761,686,138.39,2010-03-17
761,502455,50.86,2010-03-17
762,686,116.81,2010-03-04
763,686,86.78,2010-03-15
763,502455,46.11,2010-03-17
764,686,183.14999,2010-02-03
765,686,127.96,2010-03-17
765,1643,69.86,2010-03-17
765,502455,46.63,2010-03-17
766,686,102.61,2010-02-03
767,686,79.52,2010-03-17
767,1643,72.09,2010-03-17
767,502455,39.85,2010-03-17
770,686,166.89999,2010-03-04
771,686,115.25,2010-03-17
771,502455,53.82,2010-03-17
772,686,107.93,2010-03-04
773,686,73.58,2010-03-17
773,1642,50.09,2010-03-17
774,686,35.11,2010-03-04
775,686,23.14,2010-03-17
775,1642,36.42,2010-03-17
778,686,298.29999,2010-03-16
779,1642,54.96,2010-03-16
779,686,234.44,2010-03-16
780,686,273.41,2010-03-16
781,686,212.48,2010-03-16
781,682,74.074,2006-11-01
781,1642,45.28,2010-03-16
781,1644,76.33,2010-03-16
784,686,1.8583,2010-03-16
785,683,58.69,2010-03-16
785,686,146.55,2010-03-16
786,686,112.46,2010-03-16
787,683,47.56,2010-03-16
787,686,87.89,2010-03-16
788,686,170.23,2010-03-16
789,922,48.44,2010-03-16
789,686,132.19,2010-03-16
789,1644,77.69,2010-03-16
790,686,103.19,2010-03-16
791,922,40.17,2010-03-16
791,686,80.29,2010-03-16
791,1644,73.68,2010-03-16
794,686,153.2,2010-03-16
795,681,62.22,2010-03-15
795,686,121.45,2010-03-15
796,686,1.0398,2010-03-16
797,683,50.26,2010-03-16
797,686,72.31,2010-03-16
798,686,32.63,2010-03-16
799,683,41.48,2010-03-16
799,686,25.09,2001-05-18
816,683,73.2143,2008-02-19
817,686,269.84125,2003-12-15
818,686,208.78999,1998-08-04
818,1642,52.91,2006-11-01
819,686,219.78,1998-08-04
820,686,98.9,1998-08-04
820,1644,49.383,2006-11-01
821,686,151.01401,1997-05-01
821,1644,74.074,2006-11-01
822,686,51.80776,2003-12-15
823,686,37.47795,2003-12-15
824,686,48.50088,2003-12-15
832,686,65.0,2014-09-25
833,686,35.24,2014-09-25
833,1642,31.746,2006-11-01
834,686,39.65,2014-09-25
834,1642,35.273,2006-11-01
835,686,34.1,2014-09-26
836,686,26.43,2014-09-26
836,1643,24.691,2006-11-01
837,686,28.63,2014-09-26
837,1643,28.219,2006-11-01
838,686,95.8,2014-09-22
839,686,63.8,2014-09-22
839,682,67.019,2006-10-31
840,686,72.68,2014-09-24
840,682,67.02,2006-11-01
842,686,57.26,2014-09-22
842,1644,67.019,2006-11-01
843,686,62.78,2014-09-22
843,1644,74.074,2006-11-01
845,686,116.0,2014-09-23
845,1642,45.855,2006-11-01
846,686,37.0,2014-09-23
846,1642,52.91,2006-11-01
848,1643,45.855,2006-11-01
849,686,32.61,1997-05-01
849,1643,49.383,2006-11-01
851,682,70.547,2006-10-31
852,686,45.15,2014-09-24
852,682,77.601,2006-11-01
854,1644,67.019,2006-11-01
855,686,36.35,2014-09-24
855,1644,74.074,2006-11-01
923,985,132.61,2004-08-12
924,985,137.81,2015-03-17
928,985,132.61,2004-08-11
929,985,130.214,2014-12-01
930,985,132.998,2015-03-20
931,985,133.625,2014-12-01
933,985,136.47501,2015-03-20
934,985,132.61,2004-08-12
936,985,134.439,2015-03-20
938,985,136.3,2014-12-02
940,985,129.97,2004-08-12
944,985,132.114,2014-12-01
947,985,129.97,2004-08-12
948,985,132.61,2004-08-12
949,985,130.53999,2016-05-11
950,985,129.97,2004-08-12
951,985,132.61,2004-08-12
953,985,132.61,2004-08-12
954,985,129.97,2004-08-12
957,985,135.78,2004-08-12
964,985,136.254,2014-12-02
965,455,6.002,2004-08-12
965,985,15.004,2004-08-12
966,455,11.834,2004-08-11
966,985,29.586,2004-08-11
967,985,8.45,2004-08-12
968,455,2.029,2004-08-11
968,985,5.072,2004-08-11
969,455,6.017,2004-08-12
969,985,15.004,2004-08-12
970,455,8.03,2004-08-12
970,985,20.076,2004-08-12
971,455,7.185,2004-08-12
971,985,17.963,2004-08-12
972,455,3.381,2004-08-12
972,985,8.453,2004-08-12
973,455,2.705,2004-08-12
973,985,6.762,2004-08-12
974,455,10.144,2004-08-12
974,985,25.359,2004-08-12
975,455,6.762,2004-08-12
975,985,16.906,2004-08-12
976,455,5.917,2004-08-12
976,985,14.793,2004-08-12
980,455,7.185,2004-08-12
980,985,17.963,2004-08-12
981,455,7.185,2004-08-11
981,985,17.963,2004-08-11
982,985,17.33,2004-08-12
983,455,7.185,2004-08-12
983,985,17.963,2004-08-12
984,985,36.35,2004-08-11
985,455,9.721,2004-08-12
985,985,24.303,2004-08-12
986,455,8.03,2004-08-11
986,985,20.076,2004-08-11
987,455,7.182,2004-08-12
987,985,17.963,2004-08-12
988,455,10.144,2004-08-12
988,985,25.359,2004-08-12
994,455,23.669,2004-08-12
994,985,59.172,2004-08-12
994,921,29.38,2004-08-12
1000,455,4.015,2004-08-12
1000,1390,2.1,2004-08-12
1002,455,9.256,2004-08-12
1002,1390,5.55,2004-08-12
1004,455,9.763,2004-08-12
1004,1390,5.86,2004-08-12
1006,455,8.8762,2008-03-10
1006,1390,5.4,2004-08-12
1007,455,10.144,2004-08-12
1007,1390,6.09,2004-08-12
1008,455,9.003,2004-08-12
1008,1390,5.4,2004-08-12
1010,455,10.482,2004-08-12
1010,1390,6.29,2004-08-12
1011,455,10.482,2004-08-12
1011,1390,6.29,2004-08-12
1012,985,15.64,2004-08-12
1116,985,138.95,2004-08-12
1118,985,142.12,2004-08-12
1119,985,132.61,2004-08-12
1120,455,3.998,2004-08-12
1120,985,9.996,2004-08-12
1121,985,138.70599,2014-12-02
1175,681,84.0,2014-11-03
1182,683,0.84,2014-11-03
1199,683,86.0,2014-07-22
1224,1582,44.0,2004-08-12
1228,1582,40.0,2004-08-11
1397,1582,44.0,2004-08-12
1399,1582,44.0,2004-08-12
1401,1582,47.0,2004-08-12
1403,1582,45.0,2004-08-12
1413,1582,28.0,2009-05-22
1415,1582,33.0,2009-05-22
1419,1582,42.0,2009-05-22
1421,1582,43.0,2009-05-22
1423,1582,43.0,2009-05-22
1431,1582,23.0,2004-08-12
1435,1582,33.0,2009-05-22
1437,1582,30.0,2009-05-22
1439,1582,30.0,2009-05-22
1443,1582,25.0,2004-08-12
1462,1582,27.0,2004-08-12
1464,1582,30.0,2009-05-22
1466,1582,35.0,2007-09-28
1470,1582,35.0,2007-09-28
1496,921,37.165,2004-08-12
1496,985,74.33,2004-08-12
1571,921,36.46,2004-08-12
1571,985,72.92,2004-08-12
1572,460,196.0,2015-10-09
1589,1044,47.0,2003-04-29
1589,1045,5.9,2003-04-29
1594,1044,38.0,2003-04-29
1594,1045,5.0,2003-04-29
1619,461,86.0,2013-12-20
1658,921,38.045,2004-08-12
1658,985,76.09,2004-08-12
1691,1045,128.0,2015-07-20
1719,921,38.045,2004-08-12
1719,985,76.09,2004-08-12
1724,921,37.511,2004-08-12
1724,985,75.022,2004-08-12
1753,921,37.165,2004-08-12
1753,985,74.33,2004-08-12
1762,683,67.0194,2003-12-16
1764,683,45.946,1997-05-01
1766,683,55.555,1997-05-01
1768,683,49.708,1997-05-01
1770,683,53.125,1997-05-01
1772,683,43.59,1997-05-01
1774,683,58.278,1997-05-01
1775,683,56.291,1997-05-01
1776,683,58.94,1997-05-01
1778,683,52.98,1997-05-01
1779,683,52.179,1997-05-01
1780,683,53.642,1997-05-01
1782,683,54.967,1997-05-01
1783,683,54.305,1997-05-01
1784,683,55.556,1997-05-01
1786,683,49.007,1997-05-01
1787,683,49.007,1997-05-01
1788,683,50.926,1997-05-01
1790,683,49.669,1997-05-01
1791,683,49.007,1997-05-01
1792,683,49.383,1997-05-01
1794,683,44.371,1997-05-01
1795,683,44.371,1997-05-01
1796,683,45.414,1997-05-01
1798,683,52.98,1997-05-01
1799,683,49.669,1997-05-01
1800,683,50.926,1997-05-01
1802,683,47.682,1997-05-01
1803,683,44.371,1997-05-01
1804,683,45.855,1997-05-01
1808,683,67.24,1997-05-01
1812,683,61.949,1997-05-01
1814,683,56.291,1997-05-01
1816,683,47.222,1997-05-01
1818,683,55.556,1997-05-01
1819,683,54.14,1997-05-01
1821,683,43.651,1997-05-01
1822,683,42.108,1997-05-01
1823,683,76.0,1997-05-01
1824,683,46.667,1997-05-01
1825,683,56.333,1997-05-01
1826,683,57.709,2003-05-16
1827,683,66.0,1997-05-01
1828,683,40.667,1997-05-01
1829,683,49.0,1997-05-01
1830,683,52.469,1997-05-01
1833,683,84.215,1997-05-01
1835,683,37.698,1997-05-01
1837,683,93.034,1997-05-01
1842,683,56.667,1997-05-01
1845,683,78.042,1997-05-01
1847,683,66.138,1997-05-01
1850,683,54.012,1997-05-01
1852,683,65.917,1997-05-01
1855,683,50.928,1997-05-01
1861,681,85.0,1997-05-01
1865,681,83.333,1997-05-01
1869,675,59.5,1997-05-01
1869,683,91.049,1997-05-01
1876,681,62.5,1997-05-01
1877,681,55.556,1997-05-01
1878,681,41.063,1997-05-01
1881,683,60.626,1997-05-01
1882,683,45.595,1997-05-01
1883,683,42.384,1997-05-01
1884,683,51.656,1997-05-01
1885,683,48.344,1997-05-01
1888,681,85.859,1997-05-01
1894,683,40.22,2006-08-29
1896,683,71.681,1997-05-01
1897,683,70.796,1997-05-01
1898,683,66.372,1997-05-01
1899,683,69.885,1997-05-01
1901,683,63.717,1997-05-01
1902,683,62.832,1997-05-01
1903,683,58.407,1997-05-01
1904,683,62.39,1997-05-01
1906,683,51.808,1997-05-01
1907,683,53.131,1997-05-01
1909,683,43.651,1997-05-01
1910,683,42.549,1997-05-01
1912,683,72.566,1997-05-01
1913,683,65.487,1997-05-01
1914,683,69.444,1997-05-01
1916,683,70.796,1997-05-01
1917,683,62.832,1997-05-01
1918,683,67.901,1997-05-01
1932,683,77.41,2006-07-21
1934,683,47.39,2006-08-29
1938,683,88.542,1997-05-01
1941,681,92.892,1997-05-01
1944,683,78.65,2006-07-21
1961,683,67.257,1997-05-01
1962,683,64.602,1997-05-01
1964,683,72.01,2006-06-28
1966,683,69.14,2006-06-28
1968,683,78.24,2006-06-29
1970,683,68.61,2006-06-30
1971,683,69.33,1997-05-01
1972,683,86.97,2006-08-28
1974,683,69.2,2006-08-28
2068,458,0.77,2023-05-26
2071,458,0.63,2023-05-26
2173,921,12.0,2004-08-12
2173,1584,12.72,2010-08-16
2175,921,19.32,2004-08-12
2175,1584,20.47,2010-08-16
2177,921,28.0,2004-08-12
2177,1584,29.68,2010-08-16
2393,458,1.25,2023-05-26
2426,921,23.77,2004-08-13
2426,1584,23.77,2004-08-13
2428,921,28.0,2004-08-13
2428,1584,28.0,2004-08-13
2429,645,822.0,1997-05-01
2429,921,24.56,2010-08-16
2566,457,2.06,1997-05-01
2590,1327,29.586,2003-08-07
2651,683,77.586,1997-05-01
2652,683,86.538,1997-05-01
2654,683,56.604,1997-05-01
2655,683,43.478,1997-05-01
2656,683,74.074,1997-05-01
2657,683,65.035,1997-05-01
2659,683,67.164,1997-05-01
2662,683,48.913,1997-05-01
2664,683,67.669,1997-05-01
2667,683,84.112,1997-05-01
2669,683,56.962,1997-05-01
2685,683,59.211,1997-05-01
2687,683,65.12,2001-03-19
2689,683,65.217,1997-05-01
2692,683,58.065,1997-05-01
2694,683,65.12,2001-03-19
2696,683,61.08,2001-03-01
2698,683,55.901,1997-05-01
2700,683,60.26,2001-03-19
2702,683,55.73,2001-03-19
2704,683,69.231,1997-05-01
2712,683,69.224,1997-05-01
2713,683,58.201,1997-05-01
2790,681,70.313,1997-05-01
2841,1588,16.7,2004-08-17
2866,1591,27.8,2004-08-17
2869,1591,25.4,2004-08-17
2874,1591,1.8,2004-08-17
2876,1591,1.8,2004-08-17
2878,1591,1.8,2004-08-17
2880,1591,13.0,2008-06-24
2881,1591,13.0,2008-06-24
2882,1591,13.0,2008-06-24
2883,1591,2.59,2004-08-18
2888,921,37.253,2004-08-12
2888,985,74.4,2004-08-18
2892,921,38.556,2004-08-12
2892,985,76.9,2004-08-18
2894,985,76.9,2004-08-18
2896,985,22.19,2011-05-05
2898,985,22.19,2004-08-18
2900,985,22.19,2011-05-05
2902,985,22.19,2004-08-18
2907,985,33.83,2004-08-18
2910,1591,0.52,2004-08-18
2912,1591,1.04,2004-08-18
2914,1591,16.83,2004-08-18
2921,921,37.253,2004-08-12
2921,985,73.6,2004-08-18
2939,921,38.486,2004-08-12
2939,985,76.9,2004-08-18
2953,1591,13.5,2004-08-18
2957,985,26.37,2004-08-18
2962,985,1.56,2004-08-18
2964,985,30.74,2004-08-18
2973,921,37.341,2004-08-12
2973,985,74.61,2004-08-18
2975,921,38.31,2004-08-12
2975,985,76.6,2004-08-18
2979,985,34.78,2016-01-13
2980,985,26.37,2004-08-18
2982,985,28.75,2004-08-18
2992,684,77.985,1997-05-01
2994,684,54.717,2002-08-06
3001,684,90.805,2002-08-06
3005,684,77.941,1997-05-01
3007,684,77.914,1997-05-01
3010,684,77.992,1997-05-01
3012,684,77.941,1997-05-01
3015,684,77.17,1997-05-01
3022,684,78.571,1997-05-01
3027,684,78.075,1997-05-01
3030,684,78.151,1997-05-01
3032,684,78.125,1997-05-01
3035,684,76.667,1997-05-01
3037,684,78.283,1997-05-01
3040,684,77.922,1997-05-01
3042,684,78.571,1997-05-01
3044,684,78.01,1997-05-01
3053,684,78.283,1997-05-01
3057,684,78.295,1997-05-01
3063,684,78.151,1997-05-01
3067,684,77.982,1997-05-01
3076,683,77.941,1997-05-01
3078,684,77.72,1997-05-01
3080,682,81.13,2018-11-15
3090,684,78.261,1997-05-01
3094,671,134.0,2004-01-12
3103,642,2.963,1997-05-01
3109,502522,68.0,2014-02-10
3120,683,47.727,1997-05-01
3134,684,78.481,1997-05-01
3135,684,77.987,1997-05-01
3136,684,78.0,1997-05-01
3137,684,77.586,1997-05-01
3138,684,78.125,1997-05-01
3139,684,92.594,1997-05-01
3140,684,77.869,1997-05-01
3141,684,77.941,1997-05-01
3142,684,77.778,1997-05-01
3143,684,77.941,1997-05-01
3144,684,78.261,1997-05-01
3145,684,78.238,1997-05-01
3146,684,78.238,1997-05-01
3147,684,77.778,1997-05-01
3148,684,78.222,1997-05-01
3151,684,77.987,1997-05-01
3152,684,78.238,1997-05-01
3153,684,77.841,1997-05-01
3155,684,78.238,1997-05-01
3156,684,77.778,1997-05-01
3157,684,77.778,1997-05-01
3158,684,77.778,1997-05-01
3159,684,77.987,1997-05-01
3160,684,78.125,1997-05-01
3161,684,78.151,1997-05-01
3162,684,78.261,1997-05-01
3163,684,78.125,1997-05-01
3164,684,77.987,1997-05-01
3165,684,77.083,1997-05-01
3166,684,81.13,2018-11-15
3167,682,81.13,2018-11-15
3168,684,77.941,1997-05-01
3169,684,77.778,1997-05-01
3170,684,77.778,1997-05-01
3171,684,78.075,2002-08-06
3172,670,130.658,1997-05-01
3179,684,89.937,1997-05-01
3181,684,89.937,1997-05-01
3183,684,89.899,1997-05-01
3185,684,89.937,1997-05-01
3187,684,78.263,1997-05-01
3193,684,89.899,1997-05-01
3195,684,77.922,1997-05-01
3199,684,77.72,1997-05-01
3206,684,89.937,1997-05-01
3215,684,78.481,1997-05-01
3220,684,78.283,1997-05-01
3227,684,78.973,1997-05-01
3228,684,78.87,1997-05-01
3243,921,41.9,2004-08-12
3252,921,33.7,2004-08-12
3252,1591,40.0,2007-12-04
3255,921,32.25,2004-08-12
3255,1591,40.0,2007-12-04
3257,921,32.25,2004-08-12
3257,1591,40.0,2007-12-04
3259,921,32.25,2004-08-12
3259,1591,40.0,2007-12-04
3267,921,33.16,2004-08-12
3267,1591,40.0,2007-12-04
3269,921,30.8,2004-08-12
3269,1591,40.0,2007-12-04
3272,921,31.15,2004-08-12
3272,1591,40.0,2007-12-04
3274,921,32.25,2004-08-12
3274,1591,40.0,2007-12-04
3280,921,20.08,2004-08-12
3280,1591,40.0,2007-12-04
3282,921,20.08,2004-08-12
3282,1591,40.0,2007-12-04
3286,921,35.34,2004-08-12
3286,1591,40.0,2007-12-04
3288,921,38.46,2004-08-12
3288,1591,40.0,2007-12-04
3291,921,32.25,2004-08-12
3291,1591,40.0,2007-12-04
3293,921,30.24,2004-08-12
3293,1591,40.0,2007-12-04
3295,921,32.25,2004-08-12
3295,1591,40.0,2007-12-04
3297,921,39.73,2004-08-12
3297,1591,40.0,2007-12-04
3300,921,37.23,2004-08-12
3300,1591,40.0,2007-12-04
3303,1327,53.888,2010-04-28
3305,1327,53.888,2010-04-28
3307,1327,53.888,2010-04-28
3312,921,30.61,2004-08-12
3312,1591,40.0,2007-12-04
3334,921,31.15,2004-08-12
3334,1591,40.0,2007-12-04
3336,921,31.33,2004-08-12
3336,1591,40.0,2007-12-04
3376,921,31.16,2004-08-12
3376,1591,40.0,2007-12-04
3380,921,32.25,2004-08-12
3380,1591,40.0,2007-12-04
3381,921,32.25,2004-08-12
3381,1591,40.0,2007-12-04
3383,921,33.16,2004-08-12
3383,1591,40.0,2007-12-04
3385,921,32.61,2004-08-12
3385,1591,40.0,2007-12-04
3387,921,30.97,2004-08-12
3387,1591,40.0,2007-12-04
3389,921,28.88,2004-08-12
3389,1591,40.0,2007-12-04
3392,921,37.01,2010-02-12
3392,1591,51.81,2010-02-12
3394,921,34.52,2004-08-12
3394,1591,40.0,2007-12-04
3396,1327,53.888,2010-04-28
3400,921,29.31,2004-08-12
3400,1591,40.0,2007-12-04
3423,683,41.226,1997-05-01
3425,683,63.051,1997-05-01
3429,683,28.219,1997-05-01
3433,683,48.06,1997-05-01
3445,683,54.167,1997-05-01
3446,683,38.333,1997-05-01
3452,683,32.407,1997-05-01
3460,683,44.533,1997-05-01
3479,683,59.965,1997-05-01
3480,683,72.09,1997-05-01
3482,683,48.942,1997-05-01
3484,683,36.155,1997-05-01
3486,683,63.051,1997-05-01
3488,683,37.037,1997-05-01
3490,683,30.423,1997-05-01
3492,683,56.878,1997-05-01
3494,683,48.06,1997-05-01
3495,683,76.471,1997-05-01
3496,683,50.588,1997-05-01
3497,683,49.412,1997-05-01
3498,683,35.294,1997-05-01
3500,683,53.131,1997-05-01
3502,683,33.51,1997-05-01
3504,683,45.414,1997-05-01
3506,683,34.612,2023-05-26
3508,683,46.076,1997-05-01
3510,683,42.328,1997-05-01
3512,683,63.933,1997-05-01
3514,683,59.965,1997-05-01
3515,683,65.035,1997-05-01
3516,683,67.019,1997-05-01
3517,683,78.924,1997-05-01
3519,683,58.862,1997-05-01
3520,683,65.035,1997-05-01
3521,683,54.41,1997-05-01
3522,683,77.381,1997-05-01
3523,683,64.103,1997-05-01
3524,683,41.026,1997-05-01
3525,683,50.485,1997-05-01
3526,683,57.949,2003-10-21
3527,683,35.385,2003-10-21
3528,683,45.855,1997-05-01
3530,683,39.021,1997-05-01
3531,683,52.91,1997-05-01
3533,683,35.935,1997-05-01
3534,683,47.399,1997-05-01
3536,683,42.108,1997-05-01
3537,683,58.4,2001-06-28
3539,683,40.123,1997-05-01
3540,683,55.18,2001-06-28
3541,683,78.961,1997-05-01
3542,683,44.935,1997-05-01
3543,683,62.39,1997-05-01
3544,683,75.065,1997-05-01
3545,683,41.558,1997-05-01
3546,683,59.965,1997-05-01
3548,683,41.005,1997-05-01
3549,683,53.792,1997-05-01
3551,683,38.36,1997-05-01
3552,683,52.028,1997-05-01
3554,683,45.194,1997-05-01
3555,683,59.303,1997-05-01
3557,683,40.344,1997-05-01
3558,683,55.335,1997-05-01
3560,683,57.981,1997-05-01
3562,683,65.917,1997-05-01
3564,682,74.956,1997-05-01
3566,682,61.067,1997-05-01
3568,682,69.004,1997-05-01
3570,682,74.956,1997-05-01
3572,682,74.956,1997-05-01
3574,682,74.956,1997-05-01
3576,682,74.956,1997-05-01
3578,682,74.956,1997-05-01
3580,682,74.956,1997-05-01
3582,682,74.956,1997-05-01
3584,682,74.956,1997-05-01
3586,682,74.956,1997-05-01
3588,682,74.956,1997-05-01
3590,682,69.004,1997-05-01
3591,682,87.963,2003-10-20
3593,682,69.004,1997-05-01
3594,682,65.917,1997-05-01
3596,682,65.917,1997-05-01
3597,682,87.963,1997-05-01
3599,682,69.004,1997-05-01
3601,683,76.499,1997-05-01
3602,683,52.91,1997-05-01
3604,683,74.735,1997-05-01
3605,683,72.751,1997-05-01
3607,683,42.108,1997-05-01
3609,683,43.651,1997-05-01
3611,683,56.217,1997-05-01
3613,683,40.564,1997-05-01
3615,683,74.074,1997-05-01
3616,683,70.988,1997-05-01
3618,683,68.966,2023-05-26
3619,683,67.677,2023-05-26
3621,683,83.995,1997-05-01
3623,683,66.138,1997-05-01
3626,683,50.926,1997-05-01
3628,683,52.91,1997-05-01
3630,683,65.035,1997-05-01
3632,683,76.058,1997-05-01
3636,683,56.217,1997-05-01
3638,683,56.217,1997-05-01
3640,683,69.004,1997-05-01
3650,683,58.862,1997-05-01
3651,683,58.04,2001-06-28
3653,683,41.026,1997-05-01
3655,683,35.846,1997-05-01
3657,683,53.56,2001-06-28
3659,683,42.0,2015-06-05
3661,683,62.37,2001-06-11
3663,683,59.59,2001-06-28
3665,683,44.935,1997-05-01
3667,683,41.558,1997-05-01
3679,1365,28.0,2004-08-12
3679,1502,30.8,2004-08-12
3681,1371,24.0,2004-08-12
3681,1372,48.0,2005-05-18
3683,1371,30.0,2004-08-12
3683,1372,60.0,2004-08-12
3683,1502,55.0,2004-08-12
3686,1365,44.0,2004-08-12
3686,1502,59.0,2004-08-12
3691,1506,12.45,2004-08-12
3691,1502,22.73,2004-08-12
3742,921,51.5,2004-08-12
3742,1504,48.74,2004-08-12
3745,1502,38.0,2004-08-12
3745,1513,38.33,2006-01-12
3750,1513,42.5,2004-08-12
3750,1512,48.57,2004-08-12
3755,1513,42.5,2004-08-12
3755,1512,44.16,2004-08-12
3757,1513,43.0,2004-08-12
3757,1512,52.92,2004-08-12
3764,1516,27.0,2004-08-12
3764,1502,26.5,2004-08-12
3769,1513,42.5,2004-08-12
3769,1512,42.5,2004-08-12
3771,1514,45.0,2004-08-12
3771,1512,53.73,2004-08-12
3774,1513,42.5,2004-08-12
3774,1512,46.58,2004-08-12
3788,1513,42.5,2004-08-12
3788,1512,49.28,2004-08-12
3790,1513,42.5,2004-08-12
3790,1512,54.84,2004-08-12
3795,1513,52.0,2004-08-12
3795,1512,56.99,2004-08-12
3797,1513,43.0,2004-08-12
3797,1512,54.6,2004-08-12
3805,1519,27.0,2004-08-12
3805,1520,30.86,2004-08-12
3814,1523,24.7,2004-08-12
3814,1524,17.64,2004-08-12
3816,1523,32.0,2004-08-12
3816,1524,40.0,2016-01-12
3833,1523,27.4,2004-08-12
3833,1524,19.57,2004-08-12
3835,1523,32.0,2004-08-12
3835,1524,40.0,2004-08-12
3840,1523,32.0,2004-08-12
3840,1524,40.0,2004-08-12
3850,1523,32.0,2004-08-12
3850,1524,40.0,2004-08-12
3917,1548,15.0,2004-08-12
3917,1549,33.0,2016-01-12
3926,1548,19.0,2004-08-12
3926,1549,36.67,2004-08-12
3931,1365,19.0,2004-08-12
3931,1551,18.51,2004-08-12
3933,1365,19.0,2004-08-12
3933,1551,18.51,2004-08-12
3937,1365,20.0,2004-08-12
3937,1551,25.0,2004-08-12
3939,1365,17.0,2004-08-12
3939,1551,31.78,2017-01-17
3968,1553,15.0,2004-08-12
3975,1554,13.0,2004-08-12
4070,921,51.5,2004-08-12
4070,1504,48.74,2004-08-12
4187,654,147.0,2003-11-25
4189,654,147.0,2003-11-25
4227,921,22.25,2007-05-21
4228,650,133.0,1997-05-01
4229,921,22.25,2007-05-21
4230,649,135.0,1997-05-01
4232,921,2.64,2007-05-21
4233,646,117.0,2023-05-26
4234,921,22.25,2016-01-12
4238,921,26.42,2007-05-21
4241,921,22.25,2007-05-21
4242,921,26.2,2007-05-21
4243,653,142.0,2003-11-25
4244,653,142.0,2003-11-25
4245,654,147.0,1997-05-01
4249,656,144.0,1997-05-01
4252,652,141.0,2003-11-25
4257,654,147.0,2003-11-25
4258,651,133.0,2003-11-25
4259,921,23.24,2007-05-21
4260,651,140.0,2003-11-25
4261,656,144.0,2003-11-25
4262,652,141.0,2003-11-25
4264,654,142.0,2003-11-25
4265,651,140.0,2003-11-25
4266,659,544.0,2003-11-25
4267,644,133.0,2003-11-25
4272,651,140.0,2003-11-25
4273,921,14.98,2007-05-21
4274,659,544.0,2004-02-02
4275,921,11.41,2007-05-21
4276,644,133.0,2003-11-25
4279,650,133.0,2003-11-25
4280,650,133.0,2003-11-25
4281,1598,0.3153,2004-08-26
4285,1598,0.3153,2004-08-26
4305,921,26.42,2007-05-21
4306,654,147.0,2003-11-25
4307,921,23.25,2007-05-21
4308,651,140.0,2003-11-25
4309,921,26.42,2007-05-21
4310,654,147.0,2003-11-25
4311,921,0.264,2001-04-25
4312,651,140.0,2003-11-25
4313,921,26.42,2007-05-21
4314,654,147.0,2003-11-25
4411,921,23.77,2004-08-12
4411,680,0.84531,2023-05-26
4412,921,36.04,2004-08-12
4413,680,201.2,1997-05-01
4414,921,23.7,2004-08-12
4420,921,34.46,2004-08-12
4422,921,30.77,2004-08-12
4424,921,25.55,2004-08-12
4426,921,32.09,2004-08-12
4449,921,32.5,2004-08-12
4452,921,30.0,2004-08-12
4460,921,22.94,2004-08-12
4462,921,42.62,2004-08-12
4467,921,25.34,2004-08-12
4471,921,35.29,2004-08-12
4472,921,25.7,2004-08-12
4474,921,35.29,2004-08-12
4476,921,35.29,2004-08-12
4481,921,24.96,2004-08-12
4486,680,295.0,1997-05-01
4489,680,290.36301,1997-05-01
4490,680,223.16,2023-05-26
4491,921,46.04,2004-08-12
4492,680,213.44,1997-05-01
4493,921,20.0,2004-08-12
4496,921,30.77,2004-08-12
4502,921,39.78,2004-08-12
4504,921,39.78,2004-08-12
4510,921,31.86,2004-08-12
4512,921,20.0,2009-06-25
4513,921,39.01,2004-08-12
4515,921,26.21,2004-08-12
4516,921,26.21,2004-08-12
4518,921,26.21,2004-08-12
4521,921,39.01,2004-08-12
4522,921,26.21,2004-08-12
4733,1390,12.0,2004-08-12
4746,683,72.5,2001-08-15
4758,683,72.08,2001-08-15
4776,1591,28.0,2004-08-18
4777,1591,25.4,2004-08-18
4782,683,55.11,2000-12-13
4784,683,32.63,2000-12-13
4786,683,57.32,2000-12-13
4791,683,77.45,2000-12-13
4792,683,51.96,2000-12-13
4795,683,48.942,2023-05-26
4800,683,57.981,2003-10-20
4810,683,53.351,2003-10-20
4812,683,37.037,2003-10-20
4814,683,55.776,2003-10-20
4815,683,74.118,2003-10-20
4816,683,49.412,2003-10-20
4818,683,51.367,2003-10-20
4820,683,51.367,2003-10-20
4823,1513,43.0,2004-08-12
4823,1512,54.6,2004-08-12
4839,686,61.73,2000-12-20
4839,1642,43.328,2006-11-01
4840,686,48.5,2000-12-20
4840,1643,35.273,2006-11-01
4841,686,38.58025,2003-12-16
4841,1643,35.273,2006-11-01
4869,921,37.01,2010-02-12
4869,1591,51.81,2010-02-12
4875,686,47.4,2000-12-20
4875,1642,42.328,2006-11-01
4903,985,42.0,2004-08-12
4903,921,21.0,2011-05-05
4904,985,38.69,2004-08-12
4904,921,19.345,2011-05-05
4905,921,10.5,2004-08-12
4962,501775,88.31666667,2026-01-28
4962,502400,766.3741077,2026-01-28
4983,1591,7.0,2004-08-18
4988,682,77.6,2006-04-13
4989,682,77.6,2006-04-13
4991,1548,15.0,2004-08-12
4991,1549,33.0,2004-08-12
4993,682,77.6,2006-04-13
4995,683,65.11,2001-02-28
4997,683,67.23,2001-03-07
4998,683,68.2,2001-03-07
5009,683,66.54,2001-03-19
5010,683,58.71,2001-03-19
5011,683,62.3,2001-03-20
5081,1582,46.0,2009-05-22
5082,1582,38.0,2009-05-22
5084,1582,38.0,2009-05-22
5088,1582,38.0,2009-05-22
5143,1582,40.0,2007-09-28
5173,686,143.53999,2010-03-16
5175,686,36.28,2010-03-16
5176,686,59.56,2010-03-16
5178,686,95.85,2010-03-16
5179,686,26.69,2010-03-16
5180,686,112.73,2010-03-15
5180,922,51.79,2010-03-15
5180,1644,78.54,2010-03-15
5181,686,24.05,2010-03-16
5181,922,36.12,2010-03-16
5181,1644,66.28,2010-03-16
5182,686,42.27,2010-03-16
5182,922,48.12,2010-03-16
5182,1644,70.97,2010-03-16
5184,686,66.32,2010-03-16
5184,922,43.76,2010-03-16
5184,1644,69.27,2010-03-16
5185,686,19.46,2010-03-16
5185,922,29.49,2010-03-16
5185,1644,72.9,2010-03-16
5186,686,25.91,2010-03-16
5186,922,41.41,2010-03-16
5187,686,39.43,2010-03-16
5188,686,64.55,2010-03-16
5189,686,46.4,2010-03-16
5189,922,55.2,2010-03-16
5204,683,41.4,2001-06-12
5205,683,76.51,2001-06-28
5207,683,44.11,2001-06-28
5209,686,335.0,2001-06-20
5211,683,57.99,2001-06-28
5216,683,38.13,2001-06-28
5222,683,34.81,2001-06-28
5231,1582,35.0,2007-09-28
5290,1591,0.52,2016-01-12
5291,1591,16.83,2016-01-12
5335,686,313.14001,2004-05-12
5339,985,132.015,2014-12-02
5347,985,38.69,2014-06-02
5347,921,19.345,2011-05-05
5348,985,1.27859,2015-03-20
5350,985,1.3196,2015-03-19
5384,683,69.0,2014-07-22
5553,985,34.78,2016-01-13
5567,1642,63.492,2006-11-01
5568,1642,56.437,2006-11-01
5570,1642,42.328,2006-11-01
5714,985,2.642,2004-08-12
5715,682,74.95,2006-04-13
5716,681,74.95,2006-04-13
5717,683,0.6264,2004-06-09
5717,682,77.6,2006-04-13
5718,683,62.06,2016-08-16
5718,682,77.6,2006-04-13
5719,682,77.6,2006-04-13
5720,683,0.7689,2004-06-09
5720,682,77.6,2006-04-13
5721,682,77.6,2006-04-13
5724,683,71.258,2006-04-13
5725,683,76.975,2006-04-13
5726,683,75.504,2006-04-13
5727,683,74.49,2006-04-13
5732,683,74.319,2006-04-13
5733,683,75.61,2006-04-13
5830,681,1.0,2016-10-28
5855,921,19.345,2011-05-05
5855,985,38.69,2011-05-05
5856,921,19.345,2011-05-05
5856,985,38.69,2011-05-05
5860,502400,689.946389,2026-01-28
5948,682,56.28,2006-06-22
5949,682,56.28,2006-06-22
5955,681,61.77,2006-06-22
5982,682,55.31,2006-06-22
5983,682,55.31,2006-06-22
5984,681,55.31,2006-06-22
5989,682,55.56,2006-06-22
5990,682,55.56,2006-06-22
5994,682,65.21,2006-06-22
5996,682,65.21,2006-06-22
6000,682,56.57,2006-06-22
6002,682,56.57,2006-06-22
6023,682,59.96,2006-06-22
6025,682,59.96,2006-06-22
6029,682,67.72,2006-06-22
6031,682,67.72,2006-06-22
6035,682,54.5,2006-06-22
6036,682,54.5,2006-06-22
6037,682,54.5,2006-06-22
6042,682,66.84,2006-06-22
6043,682,66.84,2006-06-22
6044,682,66.84,2006-06-22
6048,682,56.03,2006-06-22
6049,682,65.03,2006-06-22
6050,682,56.03,2006-06-22
6064,682,69.24,2006-06-22
6065,682,69.24,2006-06-22
6069,682,71.39,2006-06-22
6071,682,71.39,2006-06-22
6081,681,70.38,2006-06-22
6082,681,70.38,2006-06-22
6092,682,63.78,2006-06-22
6093,682,63.78,2006-06-22
6094,682,63.78,2006-06-22
6098,682,52.68,2006-06-22
6105,682,68.13,2006-06-22
6110,682,68.57,2006-06-22
6111,682,68.57,2006-06-22
6112,682,68.57,2006-06-22
6117,682,71.02,2006-06-22
6118,682,71.02,2006-06-22
6120,683,72.46,2006-06-21
6122,683,69.66,2006-06-21
6126,682,68.17,2006-06-23
6128,682,68.17,2006-06-23
6132,682,64.12,2006-06-23
6134,682,64.12,2006-06-23
6140,682,73.84,2006-06-23
6144,682,72.03,2006-06-23
6145,682,72.03,2006-06-23
6146,682,72.03,2006-06-23
6150,682,68.81,2006-06-23
6152,682,68.81,2006-06-23
6156,682,62.49,2006-06-23
6160,683,82.46,2006-07-12
6162,683,71.07,2006-07-12
6248,681,1.0,2016-09-07
6256,502461,0.5,2011-06-13
6276,1582,30.0,2007-09-28
6367,921,32.25,2009-03-26
6367,1582,40.0,2009-03-26
6406,458,0.77,2009-03-27
6407,458,0.77,2009-03-27
6436,921,37.253,2009-03-30
6436,985,73.6,2009-03-30
6440,1044,196.0,2009-04-08
6691,1582,29.0,2009-05-22
6693,1591,31.0,2009-05-22
6695,1582,38.0,2009-05-22
6697,1582,38.0,2009-05-22
6850,502455,49.61,2010-03-05
6850,1643,70.05,2010-03-05
6850,686,109.31,2010-03-05
6851,686,25.99,2010-03-22
6851,502455,38.81,2010-03-22
6851,1643,70.77,2010-03-22
6852,686,41.3,2010-03-22
6852,502455,46.18,2010-03-22
6852,1643,71.12,2010-03-22
6853,686,67.3,2010-03-22
6853,502455,43.33,2010-03-22
6853,1643,70.98,2010-03-22
6854,686,18.65,2010-03-22
6854,502455,29.71,2010-03-22
6854,1643,68.83,2010-03-22
6856,686,156.05,2010-03-04
6857,686,36.73,2010-03-04
6858,686,58.08,2010-03-04
6859,686,94.8,2010-03-04
6862,686,27.1,2010-03-04
6863,686,42.01,2010-03-22
6864,686,64.66,2010-03-22
6865,686,146.64,2010-03-22
6866,686,96.27,2010-03-22
6867,686,38.2,2010-03-22
6868,686,58.08,2010-03-22
6870,686,27.1,2010-03-23
6870,502455,40.72,2010-03-23
6871,686,45.62,2010-03-24
6871,502455,53.35,2010-03-24
6872,686,109.66,2010-03-24
6872,502455,51.23,2010-03-24
6872,1644,74.16,2010-03-24
6873,686,66.5,2010-03-24
6873,502455,42.93,2010-03-24
6873,1644,68.67,2010-03-24
6874,686,24.91,2010-03-24
6874,502455,35.94,2010-03-24
6874,1644,64.88,2010-03-24
6875,686,41.59,2010-03-24
6875,502455,47.1,2010-03-24
6875,1644,70.92,2018-11-13
6876,686,27.2,2010-03-22
6877,686,19.43,2010-03-24
6877,502455,28.67,2010-03-24
6877,1644,70.7,2010-03-24
6878,686,28.12,2010-03-17
6878,502455,44.49,2010-03-19
6879,686,45.46,2010-03-19
6879,502455,53.56,2010-03-19
6889,686,40.76,2010-03-05
6891,686,67.17,2010-03-05
6893,686,47.13,2010-03-05
6894,686,28.08,2010-03-16
6894,502455,37.5,2010-03-16
6895,686,42.73,2010-03-05
6896,686,25.45,2010-03-16
6896,502455,33.98,2010-03-16
6896,1644,33.98,2010-03-16
6897,686,64.21,2010-03-05
6898,686,46.38,2010-03-16
6898,502455,52.9,2010-03-16
6899,686,58.35,2010-03-05
6900,686,42.45,2010-03-16
6900,502455,48.42,2010-03-16
6900,1644,72.81,2010-03-16
6901,686,12.9,2010-03-24
6901,502455,21.41,2010-03-24
6901,1644,85.32,2010-03-24
6902,686,15.0,2010-03-22
7130,500921,285.8385701,2026-01-28
7131,921,24.0,2016-12-21
7136,921,24.0,2016-12-21
7138,921,24.0,2016-12-21
7229,502699,35.0,2017-01-03
7231,502699,35.0,2017-01-03
7232,502699,45.0,2017-01-03
7233,502699,35.0,2017-01-03
7315,683,92.0,2014-07-22
7316,683,85.0,2014-07-22
7318,683,87.0,2014-11-03
7327,683,0.86,2014-11-03
7333,681,0.89,2014-11-03
7335,683,81.0,2014-07-25
7337,681,0.87,2014-11-03
7339,683,90.0,2014-11-03
7341,683,0.95,2014-11-03
7343,683,88.0,2014-11-03
7344,683,0.92,2014-11-03
7350,683,0.92,2014-11-03
7351,683,0.94,2014-11-03
7353,681,0.91,2014-11-03
7356,683,94.0,2014-11-03
7359,683,0.93,2014-11-03
7362,683,64.0,2014-11-03
7376,985,135.446,2015-03-20
7383,985,130.89,2015-03-20
7386,985,131.994,2015-03-20
7389,985,1.3081,2014-12-01
7391,985,1.31849,2014-12-01
7397,985,132.42999,2014-12-02
7417,1582,27.0,2014-09-12
7425,985,75.022,2014-10-20
7441,921,24.0,2017-04-24
7450,985,132.241,2015-03-17
7457,985,14.79,2015-01-29
7622,1591,0.128,2017-04-05
7654,502400,777.2632913,2026-01-28
7696,921,24.0,2017-04-24
7701,921,24.0,2017-04-24
7974,501875,388.0966667,2026-01-28
7975,502400,462.2,2026-01-28
7976,501875,396.35,2026-01-28
7977,501875,281.0266667,2026-01-28
7978,502400,796.0390562,2026-01-28
7979,502400,557.3333333,2026-01-28
7980,502400,817.7688899,2026-01-28
7981,500921,550.9166667,2026-01-28
7982,502400,793.37635,2026-01-28
7983,501775,93.417,2026-01-28
7983,502400,787.1463697,2026-01-28
7984,500921,819.0970488,2026-01-28
7985,502400,742.4538038,2026-01-28
7986,502400,557.3455333,2026-01-28
7987,501775,104.7735333,2026-01-28
7988,502400,825.76,2026-01-28
7989,501775,84.886,2026-01-28
7990,502400,484.0366667,2026-01-28
7992,501775,99.78666667,2026-01-28
7993,501875,315.6866667,2026-01-28
7993,500921,340.88946,2026-01-28
7994,500921,398.5902639,2026-01-28
7995,501875,372.57,2026-01-28
7997,501875,373.8564667,2026-01-28
7998,500921,343.515,2026-01-28
7998,501775,101.63,2026-01-28
7999,500921,356.3904333,2026-01-28
8000,501875,326.5766667,2026-01-28
8001,500921,350.2005138,2026-01-28
8003,500921,368.0780467,2026-01-28
8004,500921,389.3266667,2026-01-28
8005,500921,362.9648,2026-01-28
